Crash Number,Date and Time of Crash,Police Shift,Crash Location,Light Conditions,Weather Conditions,Road Surface,Road Contributing Circumstances,Traffic Control Device Type,Roadway Intersection Type,Trafficway Description,Manner of Collision,First Harmful Event,First Harmful Event Location,Speed Limit,Work Zone,Count Fatal Injury ,Count Suspected Serious Injury,Count Suspected Minor Injury ,Count Possible Injury,Count No Apparent Injury,Count Unknown Injury,Count Not Reported Injury,Total Non-Motorists,Pedestrian Involvement (Non-Motorist),Cyclist Involvement (Non-Motorist),Other Non-Motorist Involvement,Non-Motorist Location ,Non-Motorist Action,Non-Motorist Condition,Hit and Run Flag,Latitude,Longitude,Ward,Block Code 
20054145,2020-11-07 17:23:00,First Half (4PM - Midnight),"420 BROADWAY Somerville, MA",DARK - LIGHTED ROADWAY                            ,CLEAR                                             ,DRY                                               ,NONE                                              ,NO CONTROLS                                       ,NOT AT INTERSECTION                               ,"TWO-WAY, DIVIDED, UNPROTECTED MEDIAN              ",REAR-END                                          ,COLLISION WITH MOPED                              ,UNKNOWN                                           ,30 ,N,0,0,1,0,1,0,0,0,0,0,0,,,,N,42.3955,-71.0999,5,250173502021002
22053850,2022-09-21 21:04:00,First Half (4PM - Midnight),"420 BROADWAY Somerville, MA",DARK - LIGHTED ROADWAY                            ,CLEAR                                             ,DRY                                               ,NONE                                              ,NO CONTROLS                                       ,NOT AT INTERSECTION                               ,"TWO-WAY, DIVIDED, UNPROTECTED MEDIAN              ","SIDESWIPE, SAME DIRECTION                         ",COLLISION WITH PARKED MOTOR VEHICLE               ,ROADWAY                                           ,25 ,N,0,0,0,1,3,0,0,0,0,0,0,,,,N,42.3955,-71.0999,5,250173502021002
24003811,2024-01-22 07:28:00,Last Half (Midnight - 8AM),"154 CENTRAL ST Somerville, MA",DAYLIGHT                                          ,CLEAR                                             ,DRY                                               ,NONE                                              ,NO CONTROLS                                       ,NOT AT INTERSECTION                               ,"TWO-WAY, NOT DIVIDED                              ","SIDESWIPE, SAME DIRECTION                         ",COLLISION WITH PARKED MOTOR VEHICLE               ,ROADSIDE                                          ,25 ,N,0,0,0,0,2,0,0,0,0,0,0,,,,N,42.3932,-71.1004,5,250173502021003
18062994,2018-10-24 01:21:00,Last Half (Midnight - 8AM),"154 CENTRAL ST Somerville, MA",DARK - LIGHTED ROADWAY                            ,CLEAR                                             ,WET                                               ,NONE                                              ,STOP SIGNS                                        ,T-INTERSECTION                                    ,"TWO-WAY, NOT DIVIDED                              ",REAR-END                                          ,COLLISION WITH PARKED MOTOR VEHICLE               ,ROADWAY                                           ,25 ,N,0,0,0,0,4,0,0,0,0,0,0,,,,N,42.3932,-71.1004,5,250173502021003
19011161,2019-02-28 23:34:00,First Half (4PM - Midnight),"192 CENTRAL ST Somerville, MA",DARK - LIGHTED ROADWAY                            ,CLEAR                                             ,DRY                                               ,NONE                                              ,NO CONTROLS                                       ,NOT AT INTERSECTION                               ,"TWO-WAY, NOT DIVIDED                              ",ANGLE                                             ,COLLISION WITH PARKED MOTOR VEHICLE               ,ROADWAY                                           ,25 ,N,0,0,0,0,5,0,0,0,0,0,0,,,,Y,42.3947,-71.0993,5,250173502021003
20000564,2020-01-04 11:03:00,Day Shift (8AM - 4PM),"166 CENTRAL ST Somerville, MA",DAYLIGHT                                          ,RAIN                                              ,WET                                               ,NONE                                              ,NO CONTROLS                                       ,NOT AT INTERSECTION                               ,"TWO-WAY, NOT DIVIDED                              ",ANGLE                                             ,COLLISION WITH MOTOR VEHICLE IN TRAFFIC           ,ROADWAY                                           ,25 ,N,0,0,0,0,3,0,0,0,0,0,0,,,,N,42.3937,-71.1001,5,250173502021003
22062318,2022-10-30 19:18:00,First Half (4PM - Midnight),"73 ADAMS ST Somerville, MA",DARK - LIGHTED ROADWAY                            ,CLEAR                                             ,DRY                                               ,NONE                                              ,NO CONTROLS                                       ,T-INTERSECTION                                    ,"ONE-WAY, NOT DIVIDED                              ",ANGLE                                             ,COLLISION WITH PEDESTRIAN                         ,ROADWAY                                           ,25 ,N,0,0,1,0,2,0,0,1,1,0,0,IN ROADWAY                                        ,"WALKING, RUNNING OR CYCLING                       ",APPARENTLY NORMAL                                 ,N,42.3954,-71.0995,5,250173502021003
21037586,2021-07-21 22:03:00,First Half (4PM - Midnight),"CENTRAL ST & MEDFORD ST Somerville, MA",DARK - LIGHTED ROADWAY                            ,CLEAR                                             ,DRY                                               ,NONE                                              ,TRAFFIC CONTROL SIGNAL                            ,T-INTERSECTION                                    ,"TWO-WAY, NOT DIVIDED                              ","SIDESWIPE, OPPOSITE DIRECTION                     ",COLLISION WITH OTHER MOVABLE OBJECT               ,ROADWAY                                           ,25 ,N,0,0,0,0,3,0,0,0,0,0,0,,,,N,42.3925,-71.1006,5,250173502021004
20050245,2020-10-17 06:43:00,Last Half (Midnight - 8AM),"140 CENTRAL ST Somerville, MA",DAWN                                              ,RAIN                                              ,WET                                               ,NONE                                              ,NO CONTROLS                                       ,NOT AT INTERSECTION                               ,"TWO-WAY, NOT DIVIDED                              ","SIDESWIPE, SAME DIRECTION                         ",COLLISION WITH MOTOR VEHICLE IN TRAFFIC           ,ROADWAY                                           ,25 ,N,0,0,0,0,2,0,0,0,0,0,0,,,,Y,42.3923,-71.1009,5,250173502021004
19067734,2019-11-27 16:55:00,First Half (4PM - Midnight),"CENTRAL ST & MEDFORD ST Somerville, MA",DARK - LIGHTED ROADWAY                            ,RAIN                                              ,WET                                               ,NONE                                              ,TRAFFIC CONTROL SIGNAL                            ,FOUR WAY INTERSECTION                             ,"TWO-WAY, NOT DIVIDED                              ","SIDESWIPE, OPPOSITE DIRECTION                     ",COLLISION WITH MOPED                              ,ROADWAY                                           ,25 ,N,0,0,0,1,5,0,0,0,0,0,0,,,,N,42.3925,-71.1006,5,250173502021004
22008452,2022-02-18 20:51:00,First Half (4PM - Midnight),"ADAMS ST & MEDFORD ST Somerville, MA",DARK - LIGHTED ROADWAY                            ,CLEAR                                             ,DRY                                               ,OTHER                                             ,STOP SIGNS                                        ,T-INTERSECTION                                    ,"TWO-WAY, DIVIDED, UNPROTECTED MEDIAN              ","SIDESWIPE, OPPOSITE DIRECTION                     ",COLLISION WITH MOTOR VEHICLE IN TRAFFIC           ,ROADWAY                                           ,25 ,N,0,0,0,1,3,0,0,0,0,0,0,,,,N,42.3932,-71.1012,5,250173502021004
18057112,2018-09-24 15:09:00,Day Shift (8AM - 4PM),"CENTRAL ST & MEDFORD ST Somerville, MA",DAYLIGHT                                          ,CLEAR                                             ,DRY                                               ,NONE                                              ,TRAFFIC CONTROL SIGNAL                            ,FOUR WAY INTERSECTION                             ,"TWO-WAY, NOT DIVIDED                              ",SINGLE VEHICLE CRASH                              ,COLLISION WITH MOTOR VEHICLE IN TRAFFIC           ,ROADWAY                                           ,25 ,N,0,0,0,0,4,0,0,0,0,0,0,,,,N,42.3925,-71.1006,5,250173502021004
22014144,2022-03-17 17:15:00,First Half (4PM - Midnight),"ADAMS ST & MEDFORD ST Somerville, MA",DARK - LIGHTED ROADWAY                            ,RAIN                                              ,WET                                               ,UNKNOWN                                           ,STOP SIGNS                                        ,T-INTERSECTION                                    ,"TWO-WAY, DIVIDED, UNPROTECTED MEDIAN              ",ANGLE                                             ,COLLISION WITH MOTOR VEHICLE IN TRAFFIC           ,ROADWAY                                           ,25 ,N,0,0,1,2,0,1,0,0,0,0,0,,,,N,42.3932,-71.1012,5,250173502021004
18044947,2018-07-29 01:59:00,Last Half (Midnight - 8AM),"CENTRAL ST & ROBINSON ST Somerville, MA",DARK - LIGHTED ROADWAY                            ,CLEAR                                             ,DRY                                               ,,NO CONTROLS                                       ,Y-INTERSECTION                                    ,"TWO-WAY, NOT DIVIDED                              ",ANGLE                                             ,,ROADWAY                                           ,,N,0,0,0,0,2,0,0,0,0,0,0,,,,Y,42.392,-71.101,5,250173502021004
22039064,2022-07-13 17:24:00,First Half (4PM - Midnight),"CENTRAL ST & MEDFORD ST Somerville, MA",DAYLIGHT                                          ,CLEAR                                             ,DRY                                               ,UNKNOWN                                           ,TRAFFIC CONTROL SIGNAL                            ,FOUR WAY INTERSECTION                             ,"TWO-WAY, NOT DIVIDED                              ",ANGLE                                             ,COLLISION WITH PEDESTRIAN                         ,ROADWAY                                           ,25 ,N,0,0,1,0,2,0,0,1,1,0,0,MARKED CROSSWALK AT INTERSECTION                  ,"WALKING, RUNNING OR CYCLING                       ",APPARENTLY NORMAL                                 ,N,42.3925,-71.1006,5,250173502021004
18063864,2018-10-27 21:28:00,First Half (4PM - Midnight),"CENTRAL ST & MEDFORD ST Somerville, MA",DARK - LIGHTED ROADWAY                            ,RAIN                                              ,WET                                               ,NONE                                              ,TRAFFIC CONTROL SIGNAL                            ,FOUR WAY INTERSECTION                             ,"TWO-WAY, DIVIDED, UNPROTECTED MEDIAN              ",HEAD ON                                           ,COLLISION WITH MOTOR VEHICLE IN TRAFFIC           ,ROADWAY                                           ,25 ,N,0,0,0,0,3,0,0,0,0,0,0,,,,N,42.3925,-71.1006,5,250173502021004
18074402,2018-12-18 16:43:00,First Half (4PM - Midnight),"CENTRAL ST & MEDFORD ST Somerville, MA",DARK - LIGHTED ROADWAY                            ,CLEAR                                             ,"SAND, MUD, DIRT, OIL, GRAVEL                      ",NONE                                              ,TRAFFIC CONTROL SIGNAL                            ,FOUR WAY INTERSECTION                             ,"TWO-WAY, NOT DIVIDED                              ",ANGLE                                             ,COLLISION WITH MOTOR VEHICLE IN TRAFFIC           ,ROADWAY                                           ,25 ,N,0,0,1,0,3,0,0,0,0,0,0,,,,N,42.3925,-71.1006,5,250173502021004
18066129,2018-11-07 10:00:00,Day Shift (8AM - 4PM),"CENTRAL ST & MEDFORD Somerville, MA",DAYLIGHT                                          ,CLEAR                                             ,DRY                                               ,NONE                                              ,TRAFFIC CONTROL SIGNAL                            ,FOUR WAY INTERSECTION                             ,"TWO-WAY, NOT DIVIDED                              ",REAR-END                                          ,COLLISION WITH MOTOR VEHICLE IN TRAFFIC           ,ROADWAY                                           ,30 ,N,0,0,0,1,1,0,0,0,0,0,0,,,,N,42.3925,-71.1006,5,250173502021004
23021863,2023-04-23 03:05:00,Last Half (Midnight - 8AM),"CENTRAL ST & MEDFORD ST Somerville, MA",DARK - LIGHTED ROADWAY                            ,RAIN                                              ,WET                                               ,NONE                                              ,TRAFFIC CONTROL SIGNAL                            ,FOUR WAY INTERSECTION                             ,"TWO-WAY, DIVIDED, UNPROTECTED MEDIAN              ","SIDESWIPE, OPPOSITE DIRECTION                     ",COLLISION WITH MOTOR VEHICLE IN TRAFFIC           ,ROADWAY                                           ,20 ,N,0,0,0,1,1,0,0,0,0,0,0,,,,N,42.3925,-71.1006,5,250173502021004
23063352,2023-11-01 13:24:00,Day Shift (8AM - 4PM),"454 MEDFORD ST Somerville, MA",DAYLIGHT                                          ,CLEAR                                             ,DRY                                               ,NONE                                              ,NO CONTROLS                                       ,NOT AT INTERSECTION                               ,"TWO-WAY, DIVIDED, UNPROTECTED MEDIAN              ",REAR-END                                          ,COLLISION WITH PARKED MOTOR VEHICLE               ,UNKNOWN                                           ,20 ,N,0,0,0,2,3,0,0,0,0,0,0,,,,N,42.3935,-71.1016,5,250173502021004
23045063,2023-08-09 16:40:00,First Half (4PM - Midnight),"BARTLETT ST & MEDFORD ST Somerville, MA",DAYLIGHT                                          ,CLEAR                                             ,DRY                                               ,NONE                                              ,STOP SIGNS                                        ,FOUR WAY INTERSECTION                             ,"TWO-WAY, DIVIDED, UNPROTECTED MEDIAN              ","SIDESWIPE, OPPOSITE DIRECTION                     ",COLLISION WITH MOTOR VEHICLE IN TRAFFIC           ,ROADWAY                                           ,25 ,N,0,0,0,0,3,0,0,0,0,0,0,,,,N,42.3941,-71.1019,5,250173502021005
19033138,2019-06-13 08:54:00,Day Shift (8AM - 4PM),"BARTLETT ST & MEDFORD ST Somerville, MA",OTHER                                             ,RAIN                                              ,WET                                               ,NONE                                              ,STOP SIGNS                                        ,FOUR WAY INTERSECTION                             ,"TWO-WAY, NOT DIVIDED                              ",ANGLE                                             ,COLLISION WITH PEDALCYCLE                         ,ROADWAY                                           ,25 ,N,0,0,1,0,2,0,0,1,0,1,0,AT INTERSECTION BUT NO CROSSWALK                  ,ENTERING OR CROSSING SPECIFIED LOCATION           ,APPARENTLY NORMAL                                 ,N,42.3941,-71.1019,5,250173502021005
20031483,2020-06-23 18:11:00,First Half (4PM - Midnight),"BARTLETT ST & MEDFORD ST Somerville, MA",DAYLIGHT                                          ,CLEAR                                             ,DRY                                               ,OBSTRUCTION IN ROADWAY                            ,STOP SIGNS                                        ,T-INTERSECTION                                    ,"TWO-WAY, NOT DIVIDED                              ",HEAD ON                                           ,COLLISION WITH MOTOR VEHICLE IN TRAFFIC           ,ROADWAY                                           ,20 ,N,0,0,0,0,3,0,0,0,0,0,0,,,,N,42.3941,-71.1019,5,250173502021005
19058529,2019-10-11 21:49:00,First Half (4PM - Midnight),"48 BARTLETT ST Somerville, MA",DARK - UNKNOWN ROADWAY LIGHTING                   ,RAIN                                              ,WET                                               ,NONE                                              ,NO CONTROLS                                       ,NOT AT INTERSECTION                               ,"ONE-WAY, NOT DIVIDED                              ","SIDESWIPE, SAME DIRECTION                         ",COLLISION WITH PARKED MOTOR VEHICLE               ,UNKNOWN                                           ,25 ,N,0,0,0,0,3,0,0,0,0,0,0,,,,N,42.3936,-71.1025,5,250173502021005
19073232,2019-12-29 10:33:00,Day Shift (8AM - 4PM),"69 GLENWOOD RD Somerville, MA",DAYLIGHT                                          ,CLEAR                                             ,DRY                                               ,OBSTRUCTION IN ROADWAY                            ,NO CONTROLS                                       ,NOT AT INTERSECTION                               ,"ONE-WAY, NOT DIVIDED                              ","SIDESWIPE, SAME DIRECTION                         ",COLLISION WITH PARKED MOTOR VEHICLE               ,ROADWAY                                           ,30 ,N,0,0,0,0,3,0,0,0,0,0,0,,,,N,42.3945,-71.1024,5,250173502021005
22022534,2022-04-26 15:21:00,Day Shift (8AM - 4PM),"37 GLENWOOD RD Somerville, MA",DAYLIGHT                                          ,CLEAR                                             ,DRY                                               ,NONE                                              ,NO CONTROLS                                       ,NOT AT INTERSECTION                               ,"ONE-WAY, NOT DIVIDED                              ","SIDESWIPE, SAME DIRECTION                         ",COLLISION WITH PARKED MOTOR VEHICLE               ,UNKNOWN                                           ,25 ,N,0,0,0,0,3,0,0,0,0,0,0,,,,N,42.3935,-71.1029,5,250173502021005
18052693,2018-09-03 18:43:00,First Half (4PM - Midnight),"BARTLETT ST & MEDFORD ST Somerville, MA",DAYLIGHT                                          ,CLEAR                                             ,DRY                                               ,NONE                                              ,STOP SIGNS                                        ,FOUR WAY INTERSECTION                             ,"TWO-WAY, NOT DIVIDED                              ",HEAD ON                                           ,COLLISION WITH MOTOR VEHICLE IN TRAFFIC           ,ROADWAY                                           ,,N,0,0,0,0,4,0,0,0,0,0,0,,,,Y,42.3941,-71.1019,5,250173502021005
23050499,2023-09-03 20:30:00,First Half (4PM - Midnight),"31 VERNON STREET Somerville, MA",DARK - LIGHTED ROADWAY                            ,CLEAR                                             ,DRY                                               ,NONE                                              ,NO CONTROLS                                       ,NOT AT INTERSECTION                               ,"TWO-WAY, NOT DIVIDED                              ",ANGLE                                             ,COLLISION WITH MOTOR VEHICLE IN TRAFFIC           ,ROADWAY                                           ,20 ,N,0,0,0,0,3,0,0,0,0,0,0,,,,N,42.3918,-71.1028,5,250173502021006
18049457,2018-08-19 19:09:00,First Half (4PM - Midnight),"AMES ST & MINER ST Somerville, MA",DAYLIGHT                                          ,CLEAR                                             ,OTHER                                             ,"RUT, HOLES, BUMPS                                 ",NO CONTROLS                                       ,T-INTERSECTION                                    ,,SINGLE VEHICLE CRASH                              ,OTHER NON-COLLISION                               ,ROADWAY                                           ,,N,0,0,1,0,0,0,0,0,0,0,0,,,,N,42.3924,-71.1022,5,250173502021007
18034922,2018-06-11 23:50:00,First Half (4PM - Midnight),"126 CENTRAL ST Somerville, MA",DARK - LIGHTED ROADWAY                            ,CLEAR                                             ,DRY                                               ,NONE                                              ,NO CONTROLS                                       ,NOT AT INTERSECTION                               ,"TWO-WAY, NOT DIVIDED                              ",ANGLE                                             ,COLLISION WITH PARKED MOTOR VEHICLE               ,ROADWAY                                           ,20 ,N,0,0,0,0,2,0,0,0,0,0,0,,,,N,42.3916,-71.1015,5,250173502021008
22032427,2022-06-09 18:35:00,First Half (4PM - Midnight),"7 VERNON ST Somerville, MA",DAYLIGHT                                          ,CLEAR                                             ,DRY                                               ,NONE                                              ,NO CONTROLS                                       ,NOT AT INTERSECTION                               ,"TWO-WAY, NOT DIVIDED                              ",SINGLE VEHICLE CRASH                              ,COLLISION WITH OTHER MOVABLE OBJECT               ,ROADWAY                                           ,20 ,N,0,0,1,0,0,0,0,0,0,0,0,,,,N,42.3914,-71.1018,5,250173502021008
21024128,2021-05-14 18:14:00,First Half (4PM - Midnight),"MEDFORD ST & SYCAMORE ST Somerville, MA",DAYLIGHT                                          ,CLEAR                                             ,DRY                                               ,NONE                                              ,TRAFFIC CONTROL SIGNAL                            ,FOUR WAY INTERSECTION                             ,"ONE-WAY, NOT DIVIDED                              ","SIDESWIPE, SAME DIRECTION                         ",COLLISION WITH PEDALCYCLE                         ,ROADWAY                                           ,25 ,N,0,0,1,0,3,0,0,1,0,1,0,IN ROADWAY                                        ,ENTERING OR CROSSING SPECIFIED LOCATION           ,UNKNOWN                                           ,N,42.3913,-71.0994,4,250173502022000
23012813,2023-03-12 11:17:00,Day Shift (8AM - 4PM),"421 MEDFORD STREET Somerville, MA",DAYLIGHT                                          ,CLEAR                                             ,DRY                                               ,NONE                                              ,NO CONTROLS                                       ,NOT AT INTERSECTION                               ,"TWO-WAY, NOT DIVIDED                              ","SIDESWIPE, SAME DIRECTION                         ",COLLISION WITH OTHER MOVABLE OBJECT               ,ROADWAY                                           ,25 ,N,0,0,1,0,1,0,0,1,0,0,1,IN ROADWAY                                        ,OTHER                                             ,APPARENTLY NORMAL                                 ,N,42.392,-71.0998,4,250173502022000
18026964,2018-05-07 07:42:00,Last Half (Midnight - 8AM),"MEDFORD ST & SYCAMORE ST Somerville, MA",DAYLIGHT                                          ,CLEAR                                             ,DRY                                               ,NONE                                              ,TRAFFIC CONTROL SIGNAL                            ,FOUR WAY INTERSECTION                             ,"TWO-WAY, NOT DIVIDED                              ",SINGLE VEHICLE CRASH                              ,COLLISION WITH PEDESTRIAN                         ,ROADWAY                                           ,20 ,N,0,0,0,1,3,0,0,1,1,0,0,IN ROADWAY                                        ,"WALKING, RUNNING OR CYCLING                       ",APPARENTLY NORMAL                                 ,N,42.3913,-71.0994,4,250173502022000
19017453,2019-03-30 16:58:00,First Half (4PM - Midnight),"100 SYCAMORE ST Somerville, MA",DAYLIGHT                                          ,CLEAR                                             ,DRY                                               ,NONE                                              ,NO CONTROLS                                       ,NOT AT INTERSECTION                               ,"ONE-WAY, NOT DIVIDED                              ","SIDESWIPE, SAME DIRECTION                         ",COLLISION WITH PARKED MOTOR VEHICLE               ,ROADWAY                                           ,25 ,N,0,0,0,0,2,0,0,0,0,0,0,,,,N,42.3918,-71.0993,4,250173502022000
21021225,2021-04-29 11:21:00,Day Shift (8AM - 4PM),"MEDFORD ST & SYCAMORE ST Somerville, MA",DAYLIGHT                                          ,RAIN                                              ,WET                                               ,NONE                                              ,TRAFFIC CONTROL SIGNAL                            ,FOUR WAY INTERSECTION                             ,"TWO-WAY, NOT DIVIDED                              ",ANGLE                                             ,COLLISION WITH MOTOR VEHICLE IN TRAFFIC           ,ROADWAY                                           ,25 ,N,0,0,0,0,3,0,0,0,0,0,0,,,,N,42.3913,-71.0994,4,250173502022000
21010132,2021-02-27 11:42:00,Day Shift (8AM - 4PM),"121 CENTRAL ST Somerville, MA",DAYLIGHT                                          ,RAIN                                              ,DRY                                               ,NONE                                              ,NO CONTROLS                                       ,NOT AT INTERSECTION                               ,"TWO-WAY, NOT DIVIDED                              ","SIDESWIPE, SAME DIRECTION                         ",COLLISION WITH PARKED MOTOR VEHICLE               ,ROADWAY                                           ,25 ,N,0,0,0,0,3,0,0,0,0,0,0,,,,N,42.3912,-71.1012,5,250173502022002
21031585,2021-06-23 01:51:00,Last Half (Midnight - 8AM),"127 CENTRAL ST Somerville, MA",DARK - LIGHTED ROADWAY                            ,CLEAR                                             ,DRY                                               ,NONE                                              ,NO CONTROLS                                       ,NOT AT INTERSECTION                               ,"TWO-WAY, NOT DIVIDED                              ",HEAD ON                                           ,COLLISION WITH PARKED MOTOR VEHICLE               ,ROADWAY                                           ,20 ,N,0,0,2,0,2,0,0,0,0,0,0,,,,N,42.3916,-71.1009,5,250173502022002
19046263,2019-08-13 17:37:00,First Half (4PM - Midnight),"127 CENTRAL ST Somerville, MA",DAYLIGHT                                          ,CLEAR                                             ,DRY                                               ,NONE                                              ,NO CONTROLS                                       ,NOT AT INTERSECTION                               ,"TWO-WAY, NOT DIVIDED                              ",ANGLE                                             ,COLLISION WITH MOTOR VEHICLE IN TRAFFIC           ,ROADWAY                                           ,25 ,N,0,0,1,0,1,0,0,1,0,1,0,IN ROADWAY                                        ,"WALKING, RUNNING OR CYCLING                       ",APPARENTLY NORMAL                                 ,N,42.3916,-71.1009,5,250173502022002
23069672,2023-12-04 06:41:00,Last Half (Midnight - 8AM),"141 CENTRAL ST Somerville, MA",DAYLIGHT                                          ,CLEAR                                             ,DRY                                               ,NONE                                              ,NO CONTROLS                                       ,NOT AT INTERSECTION                               ,"TWO-WAY, NOT DIVIDED                              ","SIDESWIPE, SAME DIRECTION                         ",COLLISION WITH PARKED MOTOR VEHICLE               ,ROADWAY                                           ,25 ,N,0,0,0,0,2,0,0,0,0,0,0,,,,N,42.3922,-71.1006,5,250173502022002
21010020,2021-02-26 21:17:00,First Half (4PM - Midnight),"121 CENTRAL Somerville, MA",DARK - LIGHTED ROADWAY                            ,CLEAR                                             ,DRY                                               ,NONE                                              ,NO CONTROLS                                       ,FOUR WAY INTERSECTION                             ,"TWO-WAY, NOT DIVIDED                              ","SIDESWIPE, SAME DIRECTION                         ",COLLISION WITH PARKED MOTOR VEHICLE               ,ROADWAY                                           ,25 ,N,0,0,1,0,3,0,0,0,0,0,0,,,,N,42.3912,-71.1012,5,250173502022002
18049372,2018-08-19 02:50:00,Last Half (Midnight - 8AM),"123 CENTRAL ST Somerville, MA",DARK - LIGHTED ROADWAY                            ,RAIN                                              ,WET                                               ,NONE                                              ,,,,"SIDESWIPE, SAME DIRECTION                         ",COLLISION WITH PARKED MOTOR VEHICLE               ,ROADWAY                                           ,25 ,N,0,0,0,0,0,0,0,0,0,0,0,,,,Y,42.3914,-71.1011,5,250173502022002
21052337,2021-10-04 17:54:00,First Half (4PM - Midnight),"418 MEDFORD ST Somerville, MA",DUSK                                              ,RAIN                                              ,WET                                               ,NONE                                              ,NO CONTROLS                                       ,NOT AT INTERSECTION                               ,"TWO-WAY, NOT DIVIDED                              ",ANGLE                                             ,COLLISION WITH MOTOR VEHICLE IN TRAFFIC           ,ROADWAY                                           ,25 ,N,0,0,1,0,4,0,0,0,0,0,0,,,,N,42.3916,-71.0999,4,250173502022003
20055136,2020-11-13 11:03:00,Day Shift (8AM - 4PM),"16 LEE ST Somerville, MA",OTHER                                             ,CLOUDY                                            ,WET                                               ,NONE                                              ,NO CONTROLS                                       ,NOT AT INTERSECTION                               ,"TWO-WAY, NOT DIVIDED                              ",SINGLE VEHICLE CRASH                              ,COLLISION WITH TREE                               ,ROADWAY                                           ,25 ,N,0,0,0,0,1,1,0,0,0,0,0,,,,N,42.3905,-71.0995,4,250173502022004
21014850,2021-03-23 22:40:00,First Half (4PM - Midnight),"71 SYCAMORE ST Somerville, MA",DARK - LIGHTED ROADWAY                            ,CLEAR                                             ,DRY                                               ,UNKNOWN                                           ,NO CONTROLS                                       ,T-INTERSECTION                                    ,"ONE-WAY, NOT DIVIDED                              ","SIDESWIPE, SAME DIRECTION                         ",COLLISION WITH PARKED MOTOR VEHICLE               ,ROADWAY                                           ,25 ,N,0,0,0,0,3,0,0,0,0,0,0,,,,N,42.3905,-71.0998,4,250173502022004
21036371,2021-07-16 08:12:00,Day Shift (8AM - 4PM),"400 MEDFORD ST Somerville, MA",DAYLIGHT                                          ,CLEAR                                             ,DRY                                               ,NONE                                              ,TRAFFIC CONTROL SIGNAL                            ,FOUR WAY INTERSECTION                             ,"TWO-WAY, NOT DIVIDED                              ",SINGLE VEHICLE CRASH                              ,COLLISION WITH MOTOR VEHICLE IN TRAFFIC           ,ROADWAY                                           ,25 ,N,0,0,0,0,6,0,0,0,0,0,0,,,,N,42.3909,-71.0993,4,250173502022004
21050092,2021-09-23 11:10:00,Day Shift (8AM - 4PM),"115 SYCAMORE ST Somerville, MA",DAYLIGHT                                          ,CLOUDY                                            ,DRY                                               ,NONE                                              ,NO CONTROLS                                       ,NOT AT INTERSECTION                               ,"TWO-WAY, NOT DIVIDED                              ",ANGLE                                             ,COLLISION WITH PARKED MOTOR VEHICLE               ,ROADSIDE                                          ,25 ,N,0,0,0,0,2,0,0,0,0,0,0,,,,N,42.3917,-71.0988,4,250173502022005
21044750,2021-08-27 20:19:00,First Half (4PM - Midnight),"401 MEDFORD ST Somerville, MA",DARK - LIGHTED ROADWAY                            ,CLEAR                                             ,DRY                                               ,NONE                                              ,NO CONTROLS                                       ,NOT AT INTERSECTION                               ,"TWO-WAY, NOT DIVIDED                              ","SIDESWIPE, SAME DIRECTION                         ",COLLISION WITH PARKED MOTOR VEHICLE               ,OUTSIDE ROADWAY                                   ,25 ,N,0,0,0,0,3,0,0,0,0,0,0,,,,N,42.391,-71.0987,4,250173502022005
18030351,2018-05-22 14:38:00,Day Shift (8AM - 4PM),"115 SYCAMORE ST Somerville, MA",DAYLIGHT                                          ,"SLEET, HAIL, FREEZING RAIN OR DRIZZLE             ",OTHER                                             ,NONE                                              ,SCHOOL ZONE SIGNS                                 ,NOT AT INTERSECTION                               ,"ONE-WAY, NOT DIVIDED                              ",ANGLE                                             ,COLLISION WITH PARKED MOTOR VEHICLE               ,ROADWAY                                           ,25 ,N,0,0,0,0,2,0,0,0,0,0,0,,,,N,42.3917,-71.0988,4,250173502022005
19048013,2019-08-22 10:07:00,Day Shift (8AM - 4PM),"MEDFORD ST & THURSTON ST Somerville, MA",DAYLIGHT                                          ,CLEAR                                             ,DRY                                               ,NONE                                              ,STOP SIGNS                                        ,FOUR WAY INTERSECTION                             ,"ONE-WAY, NOT DIVIDED                              ","SIDESWIPE, SAME DIRECTION                         ",COLLISION WITH PARKED MOTOR VEHICLE               ,ROADWAY                                           ,25 ,N,0,0,0,0,4,0,0,0,0,0,0,,,,N,42.3904,-71.0985,4,250173502022005