Crash Number,Date and Time of Crash,Police Shift,Crash Location,Light Conditions,Weather Conditions,Road Surface,Road Contributing Circumstances,Traffic Control Device Type,Roadway Intersection Type,Trafficway Description,Manner of Collision,First Harmful Event,First Harmful Event Location,Speed Limit,Work Zone,Count Fatal Injury ,Count Suspected Serious Injury,Count Suspected Minor Injury ,Count Possible Injury,Count No Apparent Injury,Count Unknown Injury,Count Not Reported Injury,Total Non-Motorists,Pedestrian Involvement (Non-Motorist),Cyclist Involvement (Non-Motorist),Other Non-Motorist Involvement,Non-Motorist Location ,Non-Motorist Action,Non-Motorist Condition,Hit and Run Flag,Latitude,Longitude,Ward,Block Code 
23041406,2023-07-23 09:23:00,Day Shift (8AM - 4PM),"BROADWAY & HOLLAND ST Somerville, MA",DAYLIGHT                                          ,CLEAR                                             ,DRY                                               ,NONE                                              ,TRAFFIC CONTROL SIGNAL                            ,Y-INTERSECTION                                    ,"TWO-WAY, DIVIDED, UNPROTECTED MEDIAN              ",HEAD ON                                           ,COLLISION WITH MOTOR VEHICLE IN TRAFFIC           ,ROADWAY                                           ,25 ,N,0,0,0,0,3,0,0,0,0,0,0,,,,N,42.4032,-71.1271,7,250173508001001
1800000050,2018-07-03 09:10:00,Day Shift (8AM - 4PM),"BROADWAY & CLARENDON AV Somerville, MA",DAYLIGHT                                          ,CLEAR                                             ,DRY                                               ,NONE                                              ,NO CONTROLS                                       ,T-INTERSECTION                                    ,"TWO-WAY, NOT DIVIDED                              ",ANGLE                                             ,COLLISION WITH MOTOR VEHICLE IN TRAFFIC           ,ROADWAY                                           ,,N,0,0,0,0,0,0,0,0,0,0,0,,,,N,42.4034,-71.1276,7,250173508001001
18034122,2018-06-08 11:43:00,Day Shift (8AM - 4PM),"236 HOLLAND ST Somerville, MA",DAYLIGHT                                          ,CLEAR                                             ,DRY                                               ,NONE                                              ,NO CONTROLS                                       ,NOT AT INTERSECTION                               ,"TWO-WAY, NOT DIVIDED                              ","SIDESWIPE, SAME DIRECTION                         ",COLLISION WITH PARKED MOTOR VEHICLE               ,ROADWAY                                           ,25 ,N,0,0,0,1,1,0,0,0,0,0,0,,,,N,42.4026,-71.1271,7,250173508001002
23040779,2023-07-20 16:24:00,First Half (4PM - Midnight),"238 HOLLAND ST Somerville, MA",DAYLIGHT                                          ,CLEAR                                             ,DRY                                               ,NONE                                              ,NO CONTROLS                                       ,T-INTERSECTION                                    ,"TWO-WAY, NOT DIVIDED                              ","SIDESWIPE, SAME DIRECTION                         ",COLLISION WITH PARKED MOTOR VEHICLE               ,ROADWAY                                           ,25 ,N,0,0,0,0,3,0,0,0,0,0,0,,,,N,42.4027,-71.1272,7,250173508001002
21006344,2021-02-03 13:27:00,Day Shift (8AM - 4PM),"236 HOLLAND ST Somerville, MA",DAYLIGHT                                          ,CLEAR                                             ,DRY                                               ,NONE                                              ,TRAFFIC CONTROL SIGNAL                            ,NOT AT INTERSECTION                               ,"TWO-WAY, NOT DIVIDED                              ","SIDESWIPE, SAME DIRECTION                         ",COLLISION WITH MOTOR VEHICLE IN TRAFFIC           ,ROADWAY                                           ,25 ,N,0,0,0,0,3,0,0,0,0,0,0,,,,N,42.4026,-71.1271,7,250173508001002
19024275,2019-05-03 08:37:00,Day Shift (8AM - 4PM),"HOLLAND ST & MOORE ST Somerville, MA",DAYLIGHT                                          ,CLOUDY                                            ,DRY                                               ,NONE                                              ,STOP SIGNS                                        ,T-INTERSECTION                                    ,"TWO-WAY, NOT DIVIDED                              ",ANGLE                                             ,COLLISION WITH MOTOR VEHICLE IN TRAFFIC           ,ROADWAY                                           ,30 ,N,0,0,0,0,3,0,0,0,0,0,0,,,,N,42.4024,-71.1268,7,250173508001003
18028306,2018-05-13 14:31:00,Day Shift (8AM - 4PM),"212 HOLLAND ST Somerville, MA",DAYLIGHT                                          ,CLEAR                                             ,DRY                                               ,NONE                                              ,NO CONTROLS                                       ,UNKNOWN                                           ,UNKNOWN                                           ,SINGLE VEHICLE CRASH                              ,COLLISION WITH GUARDRAIL                          ,UNKNOWN                                           ,N/A,N,0,0,0,0,3,0,0,1,0,0,1,UNKNOWN                                           ,OTHER                                             ,UNKNOWN                                           ,N,42.4022,-71.1269,7,250173508001003
23048191,2023-08-24 11:56:00,Day Shift (8AM - 4PM),"HOLLAND ST & MOORE ST Somerville, MA",DAYLIGHT                                          ,CLOUDY                                            ,DRY                                               ,NONE                                              ,NO CONTROLS                                       ,T-INTERSECTION                                    ,"TWO-WAY, NOT DIVIDED                              ","SIDESWIPE, OPPOSITE DIRECTION                     ",COLLISION WITH PEDALCYCLE                         ,ROADWAY                                           ,20 ,N,0,0,0,1,3,0,0,1,0,1,0,IN ROADWAY                                        ,ENTERING OR CROSSING SPECIFIED LOCATION           ,OTHER                                             ,N,42.4024,-71.1268,7,250173508001003
20046986,2020-09-30 08:43:00,Day Shift (8AM - 4PM),"CAMERON AV & GLENDALE AV Somerville, MA",DAYLIGHT                                          ,CLEAR                                             ,WET                                               ,OTHER                                             ,STOP SIGNS                                        ,T-INTERSECTION                                    ,"ONE-WAY, NOT DIVIDED                              ",ANGLE                                             ,COLLISION WITH MOTOR VEHICLE IN TRAFFIC           ,ROADWAY                                           ,20 ,N,0,0,0,0,3,0,0,0,0,0,0,,,,N,42.3992,-71.1282,7,250173508002000
19007861,2019-02-12 15:11:00,Day Shift (8AM - 4PM),"GLENDALE AVE & CAMERON AVE Somerville, MA",DAYLIGHT                                          ,CLOUDY                                            ,SNOW                                              ,ROAD SURFACE CONDITION                            ,STOP SIGNS                                        ,T-INTERSECTION                                    ,"TWO-WAY, NOT DIVIDED                              ",ANGLE                                             ,COLLISION WITH MOTOR VEHICLE IN TRAFFIC           ,ROADWAY                                           ,30 ,N,0,0,0,2,5,0,0,0,0,0,0,,,,N,42.3992,-71.1282,7,250173508002000
24016023,2024-03-22 07:18:00,Last Half (Midnight - 8AM),"CAMERON AV & GLENDALE AV Somerville, MA",DAYLIGHT                                          ,CLOUDY                                            ,DRY                                               ,NONE                                              ,NO CONTROLS                                       ,T-INTERSECTION                                    ,"TWO-WAY, NOT DIVIDED                              ",ANGLE                                             ,COLLISION WITH MOTOR VEHICLE IN TRAFFIC           ,ROADWAY                                           ,25 ,N,0,0,0,0,2,0,0,0,0,0,0,,,,N,42.3992,-71.1282,7,250173508002000
19005991,2019-02-02 11:04:00,Day Shift (8AM - 4PM),"CAMERON AV & GLENDALE AV Somerville, MA",DAYLIGHT                                          ,CLEAR                                             ,DRY                                               ,NONE                                              ,STOP SIGNS                                        ,T-INTERSECTION                                    ,"TWO-WAY, NOT DIVIDED                              ",ANGLE                                             ,COLLISION WITH MOTOR VEHICLE IN TRAFFIC           ,ROADWAY                                           ,30 ,N,0,0,0,0,3,0,0,0,0,0,0,,,,N,42.3992,-71.1282,7,250173508002000
18038537,2018-06-28 14:38:00,Day Shift (8AM - 4PM),"24 CAMERON AV Somerville, MA",DAYLIGHT                                          ,RAIN                                              ,WET                                               ,NONE                                              ,NO CONTROLS                                       ,NOT AT INTERSECTION                               ,"TWO-WAY, NOT DIVIDED                              ","SIDESWIPE, OPPOSITE DIRECTION                     ",COLLISION WITH MOTOR VEHICLE IN TRAFFIC           ,ROADWAY                                           ,,N,0,0,0,0,1,0,0,0,0,0,0,,,,N,42.4001,-71.1269,7,250173508002000
20060670,2020-12-16 15:01:00,Day Shift (8AM - 4PM),"164 HOLLAND ST Somerville, MA",DAYLIGHT                                          ,CLOUDY                                            ,DRY                                               ,NONE                                              ,NO CONTROLS                                       ,NOT AT INTERSECTION                               ,"TWO-WAY, NOT DIVIDED                              ",ANGLE                                             ,COLLISION WITH MOTOR VEHICLE IN TRAFFIC           ,ROADWAY                                           ,20 ,N,0,0,0,0,2,0,0,0,0,0,0,,,,N,42.4007,-71.1261,7,250173508002000
21011759,2021-03-07 09:50:00,Day Shift (8AM - 4PM),"CAMERON AV & TANNERY BROOK ROW Somerville, MA",DAYLIGHT                                          ,CLEAR                                             ,DRY                                               ,NONE                                              ,STOP SIGNS                                        ,T-INTERSECTION                                    ,"TWO-WAY, NOT DIVIDED                              ",ANGLE                                             ,COLLISION WITH MOTOR VEHICLE IN TRAFFIC           ,ROADWAY                                           ,25 ,N,0,0,0,0,3,0,0,0,0,0,0,,,,N,42.3988,-71.1286,7,250173508002000
19001387,2019-01-08 17:24:00,First Half (4PM - Midnight),"CAMERON AV & HOLLAND ST Somerville, MA",DARK - LIGHTED ROADWAY                            ,RAIN                                              ,WET                                               ,NONE                                              ,NO CONTROLS                                       ,T-INTERSECTION                                    ,"TWO-WAY, DIVIDED, UNPROTECTED MEDIAN              ",SINGLE VEHICLE CRASH                              ,COLLISION WITH PEDESTRIAN                         ,ROADWAY                                           ,30 ,N,0,0,0,1,1,0,0,1,1,0,0,MARKED CROSSWALK AT INTERSECTION                  ,"WALKING, RUNNING OR CYCLING                       ",APPARENTLY NORMAL                                 ,N,42.401,-71.1261,7,250173508002000
21055255,2021-10-20 13:24:00,Day Shift (8AM - 4PM),"9 GORHAM ST Somerville, MA",DAYLIGHT                                          ,CLEAR                                             ,DRY                                               ,NONE                                              ,NO CONTROLS                                       ,NOT AT INTERSECTION                               ,"ONE-WAY, NOT DIVIDED                              ",ANGLE                                             ,COLLISION WITH PARKED MOTOR VEHICLE               ,ROADSIDE                                          ,30 ,N,0,0,0,0,3,0,0,0,0,0,0,,,,Y,42.3996,-71.1258,7,250173508002001
21061214,2021-11-23 12:43:00,Day Shift (8AM - 4PM),"140 HOLLAND ST Somerville, MA",DAYLIGHT                                          ,CLEAR                                             ,DRY                                               ,NONE                                              ,NO CONTROLS                                       ,NOT AT INTERSECTION                               ,"TWO-WAY, NOT DIVIDED                              ",ANGLE                                             ,COLLISION WITH MOTOR VEHICLE IN TRAFFIC           ,ROADWAY                                           ,25 ,N,0,0,1,0,1,0,0,0,0,0,0,,,,N,42.3999,-71.1256,7,250173508002001
22037332,2022-07-05 09:45:00,Day Shift (8AM - 4PM),"118 HOLLAND ST Somerville, MA",DAYLIGHT                                          ,CLOUDY                                            ,DRY                                               ,NONE                                              ,NO CONTROLS                                       ,NOT AT INTERSECTION                               ,"TWO-WAY, NOT DIVIDED                              ",SINGLE VEHICLE CRASH                              ,COLLISION WITH LIGHT POLE OR OTHER POST/SUPPORT   ,ROADWAY                                           ,25 ,Y,0,0,0,0,2,0,0,0,0,0,0,,,,N,42.3993,-71.125,7,250173508002002
19019989,2019-04-12 09:28:00,Day Shift (8AM - 4PM),"12 JAY ST Somerville, MA",DARK - LIGHTED ROADWAY                            ,CLEAR                                             ,DRY                                               ,UNKNOWN                                           ,NO CONTROLS                                       ,NOT AT INTERSECTION                               ,"ONE-WAY, NOT DIVIDED                              ","SIDESWIPE, OPPOSITE DIRECTION                     ",COLLISION WITH PARKED MOTOR VEHICLE               ,ROADSIDE                                          ,30 ,N,0,0,0,0,6,2,0,0,0,0,0,,,,Y,42.3987,-71.1249,7,250173508002003
20037094,2020-07-30 19:44:00,First Half (4PM - Midnight),"HOLLAND ST & SIMPSON AV Somerville, MA",DUSK                                              ,CLEAR                                             ,DRY                                               ,OBSTRUCTION IN ROADWAY                            ,STOP SIGNS                                        ,T-INTERSECTION                                    ,"TWO-WAY, NOT DIVIDED                              ",ANGLE                                             ,COLLISION WITH MOTOR VEHICLE IN TRAFFIC           ,ROADWAY                                           ,20 ,N,0,0,1,0,2,0,0,0,0,0,0,,,,N,42.399,-71.1246,7,250173508002003
20027590,2020-05-30 13:42:00,Day Shift (8AM - 4PM),"HOLLAND ST & SIMPSON AV Somerville, MA",DAYLIGHT                                          ,CLEAR                                             ,DRY                                               ,NONE                                              ,STOP SIGNS                                        ,T-INTERSECTION                                    ,"TWO-WAY, NOT DIVIDED                              ",ANGLE                                             ,COLLISION WITH MOTOR VEHICLE IN TRAFFIC           ,ROADWAY                                           ,25 ,N,0,0,0,0,3,0,0,0,0,0,0,,,,N,42.399,-71.1246,7,250173508002003
23050086,2023-09-01 19:46:00,First Half (4PM - Midnight),"1 BUENA VISTA RD Somerville, MA",DARK - LIGHTED ROADWAY                            ,CLEAR                                             ,DRY                                               ,NONE                                              ,NO CONTROLS                                       ,NOT AT INTERSECTION                               ,"TWO-WAY, NOT DIVIDED                              ",REAR-END                                          ,COLLISION WITH MOTOR VEHICLE IN TRAFFIC           ,ROADWAY                                           ,25 ,N,0,0,0,0,2,0,0,0,0,0,0,,,,N,42.3982,-71.124,6,250173508002004
18050295,2018-08-23 13:27:00,Day Shift (8AM - 4PM),"26 THORNDIKE ST Somerville, MA",DAYLIGHT                                          ,CLEAR                                             ,DRY                                               ,OBSTRUCTION IN ROADWAY                            ,NO CONTROLS                                       ,NOT AT INTERSECTION                               ,"TWO-WAY, NOT DIVIDED                              ",SINGLE VEHICLE CRASH                              ,COLLISION WITH OTHER MOVABLE OBJECT               ,ROADWAY                                           ,,Y,0,0,0,0,1,0,0,0,0,0,0,,,,N,42.3977,-71.1249,6,250173508002004
24012244,2024-03-04 10:18:00,Day Shift (8AM - 4PM),"1 BUENA VISTA RD Somerville, MA",DAYLIGHT                                          ,CLEAR                                             ,DRY                                               ,NONE                                              ,NO CONTROLS                                       ,NOT AT INTERSECTION                               ,"TWO-WAY, NOT DIVIDED                              ",SINGLE VEHICLE CRASH                              ,COLLISION WITH LIGHT POLE OR OTHER POST/SUPPORT   ,ROADWAY                                           ,20 ,N,0,0,0,0,1,0,0,0,0,0,0,,,,N,42.3982,-71.124,6,250173508002004
21066245,2021-12-27 11:27:00,Day Shift (8AM - 4PM),"10 THORNDIKE ST Somerville, MA",DAYLIGHT                                          ,CLOUDY                                            ,DRY                                               ,NONE                                              ,NO CONTROLS                                       ,NOT AT INTERSECTION                               ,"TWO-WAY, NOT DIVIDED                              ",REAR-END                                          ,COLLISION WITH MOTOR VEHICLE IN TRAFFIC           ,ROADWAY                                           ,25 ,N,0,0,0,0,2,0,0,0,0,0,0,,,,N,42.3982,-71.1244,6,250173508002004
21042233,2021-08-14 10:12:00,Day Shift (8AM - 4PM),"0 BUENA VISTA RD Somerville, MA",DAYLIGHT                                          ,CLEAR                                             ,DRY                                               ,NONE                                              ,NO CONTROLS                                       ,NOT AT INTERSECTION                               ,"TWO-WAY, NOT DIVIDED                              ",SINGLE VEHICLE CRASH                              ,COLLISION WITH PEDALCYCLE                         ,UNKNOWN                                           ,20 ,N,0,0,0,1,3,0,0,1,0,1,0,NON-INTERSECTION CROSSWALK                        ,"WALKING, RUNNING OR CYCLING                       ",APPARENTLY NORMAL                                 ,N,42.3977,-71.1246,6,250173508002005
18034111,2018-06-08 10:36:00,Day Shift (8AM - 4PM),"40 HOLLAND ST Somerville, MA",OTHER                                             ,CLEAR                                             ,DRY                                               ,NONE                                              ,NO CONTROLS                                       ,NOT AT INTERSECTION                               ,UNKNOWN                                           ,UNKNOWN                                           ,COLLISION WITH PARKED MOTOR VEHICLE               ,ROADWAY                                           ,5  ,N,0,0,0,0,2,0,0,0,0,0,0,,,,N,42.3974,-71.1237,6,250173508002005
22005546,2022-02-04 06:36:00,Last Half (Midnight - 8AM),"20 HOLLAND ST Somerville, MA",DAYLIGHT                                          ,RAIN                                              ,DRY                                               ,NONE                                              ,WARNING SIGNS                                     ,NOT AT INTERSECTION                               ,"TWO-WAY, NOT DIVIDED                              ",UNKNOWN                                           ,COLLISION WITH PEDESTRIAN                         ,UNKNOWN                                           ,5  ,N,0,0,1,0,1,0,0,1,1,0,0,NOT IN ROADWAY                                    ,"WALKING, RUNNING OR CYCLING                       ",UNKNOWN                                           ,N,42.3972,-71.1233,6,250173508002005
23003242,2023-01-19 18:56:00,First Half (4PM - Midnight),"40 HOLLAND ST Somerville, MA",DARK - LIGHTED ROADWAY                            ,RAIN                                              ,WET                                               ,NONE                                              ,NO CONTROLS                                       ,NOT AT INTERSECTION                               ,"TWO-WAY, DIVIDED, UNPROTECTED MEDIAN              ",SINGLE VEHICLE CRASH                              ,COLLISION WITH PEDESTRIAN                         ,ROADWAY                                           ,20 ,N,0,0,1,0,2,0,0,1,0,0,1,IN ROADWAY                                        ,"WALKING, RUNNING OR CYCLING                       ",APPARENTLY NORMAL                                 ,N,42.3974,-71.1237,6,250173508002005
23049931,2023-09-01 08:39:00,Day Shift (8AM - 4PM),"20 HOLLAND ST Somerville, MA",DAYLIGHT                                          ,CLEAR                                             ,DRY                                               ,NONE                                              ,NO CONTROLS                                       ,NOT AT INTERSECTION                               ,"TWO-WAY, NOT DIVIDED                              ",SINGLE VEHICLE CRASH                              ,COLLISION WITH TREE                               ,ROADSIDE                                          ,25 ,N,0,0,0,0,2,0,0,0,0,0,0,,,,N,42.3972,-71.1233,6,250173508002005
22001255,2022-01-09 16:20:00,First Half (4PM - Midnight),"CAMERON AV & SEVEN PINES AV Somerville, MA",DARK - LIGHTED ROADWAY                            ,RAIN                                              ,WET                                               ,UNKNOWN                                           ,STOP SIGNS                                        ,T-INTERSECTION                                    ,"TWO-WAY, NOT DIVIDED                              ",SINGLE VEHICLE CRASH                              ,COLLISION WITH MOTOR VEHICLE IN TRAFFIC           ,ROADWAY                                           ,30 ,N,0,0,0,0,5,0,0,0,0,0,0,,,,N,42.3988,-71.1287,7,250173508002006
22034290,2022-06-18 13:14:00,Day Shift (8AM - 4PM),"CAMERON AV & SEVEN PINES AV Somerville, MA",DAYLIGHT                                          ,CLEAR                                             ,DRY                                               ,NONE                                              ,STOP SIGNS                                        ,FOUR WAY INTERSECTION                             ,"TWO-WAY, NOT DIVIDED                              ",ANGLE                                             ,COLLISION WITH MOTOR VEHICLE IN TRAFFIC           ,ROADWAY                                           ,25 ,N,0,0,0,0,3,0,0,0,0,0,0,,,,N,42.3988,-71.1287,7,250173508002006
21062573,2021-12-02 18:00:00,First Half (4PM - Midnight),"CAMERON AV & SEVEN PINES AV Somerville, MA",DARK - LIGHTED ROADWAY                            ,CLEAR                                             ,DRY                                               ,NONE                                              ,STOP SIGNS                                        ,T-INTERSECTION                                    ,"TWO-WAY, DIVIDED, UNPROTECTED MEDIAN              ",ANGLE                                             ,COLLISION WITH MOTOR VEHICLE IN TRAFFIC           ,UNKNOWN                                           ,25 ,N,0,0,0,0,4,0,0,0,0,0,0,,,,N,42.3988,-71.1287,7,250173508002006
20014825,2020-03-15 20:55:00,First Half (4PM - Midnight),"CAMERON AVE & SEVEN PINES AVE Somerville, MA",DARK - LIGHTED ROADWAY                            ,CLEAR                                             ,DRY                                               ,NONE                                              ,STOP SIGNS                                        ,T-INTERSECTION                                    ,"TWO-WAY, NOT DIVIDED                              ",SINGLE VEHICLE CRASH                              ,COLLISION WITH MOTOR VEHICLE IN TRAFFIC           ,ROADWAY                                           ,25 ,N,0,0,0,1,2,0,0,0,0,0,0,,,,N,42.3988,-71.1287,7,250173508002006
18036636,2018-06-19 17:41:00,First Half (4PM - Midnight),"1 TANNERY BROOK ROW Somerville, MA",DAYLIGHT                                          ,CLEAR                                             ,DRY                                               ,NONE                                              ,NO CONTROLS                                       ,T-INTERSECTION                                    ,"TWO-WAY, NOT DIVIDED                              ","SIDESWIPE, OPPOSITE DIRECTION                     ",COLLISION WITH PARKED MOTOR VEHICLE               ,ROADWAY                                           ,,N,0,0,0,0,0,0,0,0,0,0,0,,,,N,42.3979,-71.1271,7,250173508002007
19063012,2019-11-03 07:26:00,Last Half (Midnight - 8AM),"115 WILLOW AVE Somerville, MA",DAYLIGHT                                          ,CLEAR                                             ,DRY                                               ,NONE                                              ,NO CONTROLS                                       ,NOT AT INTERSECTION                               ,"TWO-WAY, NOT DIVIDED                              ",SINGLE VEHICLE CRASH                              ,COLLISION WITH PEDESTRIAN                         ,ROADWAY                                           ,25 ,N,0,0,1,1,1,0,0,2,2,0,0,MARKED CROSSWALK AT INTERSECTION                  ,ENTERING OR CROSSING SPECIFIED LOCATION           ,APPARENTLY NORMAL                                 ,N,42.395,-71.1159,6,250173509001000
18032354,2018-06-04 00:27:00,Last Half (Midnight - 8AM),"HIGHLAND AVENUE & CUTTER AVENUE Somerville, MA",DAYLIGHT                                          ,CLEAR                                             ,DRY                                               ,NONE                                              ,NO CONTROLS                                       ,T-INTERSECTION                                    ,"ONE-WAY, NOT DIVIDED                              ","SIDESWIPE, SAME DIRECTION                         ",COLLISION WITH MOTOR VEHICLE IN TRAFFIC           ,ROADWAY                                           ,25 ,N,0,0,0,0,4,0,0,0,0,0,0,,,,N,42.3953,-71.1194,6,250173509001001
23047389,2023-08-20 21:51:00,First Half (4PM - Midnight),"HIGHLAND AV & WEST ST Somerville, MA",DARK - LIGHTED ROADWAY                            ,CLEAR                                             ,DRY                                               ,OTHER                                             ,STOP SIGNS                                        ,T-INTERSECTION                                    ,"TWO-WAY, NOT DIVIDED                              ",ANGLE                                             ,COLLISION WITH MOTOR VEHICLE IN TRAFFIC           ,ROADWAY                                           ,25 ,N,0,0,1,0,2,0,0,0,0,0,0,,,,N,42.3949,-71.1186,6,250173509001001
22064728,2022-11-11 11:12:00,Day Shift (8AM - 4PM),"CUTTER AV & HIGHLAND AV Somerville, MA",DAYLIGHT                                          ,CLOUDY                                            ,DRY                                               ,NONE                                              ,TRAFFIC CONTROL SIGNAL                            ,T-INTERSECTION                                    ,"TWO-WAY, NOT DIVIDED                              ",ANGLE                                             ,COLLISION WITH MOTOR VEHICLE IN TRAFFIC           ,ROADWAY                                           ,25 ,N,0,0,0,0,3,0,0,0,0,0,0,,,,N,42.3953,-71.1194,6,250173509001001
21061053,2021-11-22 10:24:00,Day Shift (8AM - 4PM),"373 HIGHLAND AV Somerville, MA",DAYLIGHT                                          ,CLEAR                                             ,DRY                                               ,NONE                                              ,NO CONTROLS                                       ,NOT AT INTERSECTION                               ,"TWO-WAY, NOT DIVIDED                              ",SINGLE VEHICLE CRASH                              ,COLLISION WITH PEDESTRIAN                         ,ROADWAY                                           ,20 ,N,0,0,1,0,2,0,0,1,1,0,0,IN ROADWAY                                        ,ENTERING OR CROSSING SPECIFIED LOCATION           ,APPARENTLY NORMAL                                 ,N,42.3955,-71.1186,6,250173509001001
18059568,2018-10-06 08:29:00,Day Shift (8AM - 4PM),"389 HIGHLAND AV Somerville, MA",DAYLIGHT                                          ,CLEAR                                             ,DRY                                               ,NONE                                              ,TRAFFIC CONTROL SIGNAL                            ,T-INTERSECTION                                    ,"ONE-WAY, NOT DIVIDED                              ","SIDESWIPE, SAME DIRECTION                         ",COLLISION WITH MOTOR VEHICLE IN TRAFFIC           ,ROADWAY                                           ,25 ,N,0,0,0,0,2,0,0,0,0,0,0,,,,N,42.3955,-71.1197,6,250173509001001
20034559,2020-07-13 10:55:00,Day Shift (8AM - 4PM),"ELLINGTON RD & HIGHLAND AV Somerville, MA",DAYLIGHT                                          ,CLEAR                                             ,DRY                                               ,NONE                                              ,TRAFFIC CONTROL SIGNAL                            ,T-INTERSECTION                                    ,"ONE-WAY, NOT DIVIDED                              ","SIDESWIPE, SAME DIRECTION                         ",COLLISION WITH MOTOR VEHICLE IN TRAFFIC           ,ROADWAY                                           ,25 ,N,0,0,0,0,2,0,0,0,0,0,0,,,,N,42.3953,-71.1194,6,250173509001001
24023502,2024-04-25 18:49:00,First Half (4PM - Midnight),"389 HIGHLAND AV Somerville, MA",DARK - LIGHTED ROADWAY                            ,CLEAR                                             ,DRY                                               ,NONE                                              ,TRAFFIC CONTROL SIGNAL                            ,T-INTERSECTION                                    ,"TWO-WAY, NOT DIVIDED                              ","SIDESWIPE, SAME DIRECTION                         ",COLLISION WITH MOTOR VEHICLE IN TRAFFIC           ,ROADWAY                                           ,20 ,N,0,0,0,0,2,0,0,0,0,0,0,,,,N,42.3955,-71.1197,6,250173509001001
24005081,2024-01-28 16:39:00,First Half (4PM - Midnight),"CUTTER AV & HIGHLAND AV Somerville, MA",DARK - LIGHTED ROADWAY                            ,RAIN                                              ,WET                                               ,NONE                                              ,NO CONTROLS                                       ,Y-INTERSECTION                                    ,"ONE-WAY, NOT DIVIDED                              ","SIDESWIPE, SAME DIRECTION                         ",COLLISION WITH MOTOR VEHICLE IN TRAFFIC           ,ROADWAY                                           ,25 ,N,0,0,0,0,2,0,0,0,0,0,0,,,,N,42.3953,-71.1194,6,250173509001001
19065377,2019-11-15 11:26:00,Day Shift (8AM - 4PM),"96 WILLOW AV Somerville, MA",DAYLIGHT                                          ,CLEAR                                             ,DRY                                               ,NONE                                              ,NO CONTROLS                                       ,NOT AT INTERSECTION                               ,"TWO-WAY, NOT DIVIDED                              ",SINGLE VEHICLE CRASH                              ,COLLISION WITH TREE                               ,ROADWAY                                           ,25 ,N,0,0,0,0,2,0,0,0,0,0,0,,,,N,42.3944,-71.1169,6,250173509001002
20039520,2020-08-14 20:22:00,First Half (4PM - Midnight),"HIGHLAND AV & WILLOW AV Somerville, MA",DARK - ROADWAY NOT LIGHTED                        ,CLEAR                                             ,DRY                                               ,UNKNOWN                                           ,TRAFFIC CONTROL SIGNAL                            ,FOUR WAY INTERSECTION                             ,"TWO-WAY, NOT DIVIDED                              ",SINGLE VEHICLE CRASH                              ,COLLISION WITH PEDALCYCLE                         ,UNKNOWN                                           ,25 ,N,0,0,1,0,3,0,0,1,0,1,0,IN ROADWAY                                        ,OTHER                                             ,APPARENTLY NORMAL                                 ,N,42.3941,-71.1168,6,250173509001002
19013539,2019-03-12 08:09:00,Day Shift (8AM - 4PM),"HIGHLAND AVE & WILLOW AVE Somerville, MA",DAYLIGHT                                          ,CLEAR                                             ,DRY                                               ,NONE                                              ,TRAFFIC CONTROL SIGNAL                            ,NOT AT INTERSECTION                               ,"ONE-WAY, NOT DIVIDED                              ",UNKNOWN                                           ,COLLISION WITH MOTOR VEHICLE IN TRAFFIC           ,ROADWAY                                           ,25 ,N,0,0,0,0,3,0,0,0,0,0,0,,,,N,42.3941,-71.1168,6,250173509001002
18057917,2018-09-28 00:32:00,Last Half (Midnight - 8AM),"HIGHLAND AV & WILLOW AV Somerville, MA",DARK - LIGHTED ROADWAY                            ,CLEAR                                             ,DRY                                               ,NONE                                              ,TRAFFIC CONTROL SIGNAL                            ,FOUR WAY INTERSECTION                             ,"TWO-WAY, NOT DIVIDED                              ","SIDESWIPE, SAME DIRECTION                         ",COLLISION WITH MOTOR VEHICLE IN TRAFFIC           ,ROADWAY                                           ,25 ,N,0,0,0,0,5,0,0,0,0,0,0,,,,Y,42.3941,-71.1168,6,250173509001002
23032419,2023-06-11 07:40:00,Last Half (Midnight - 8AM),"HIGHLAND AV & WILLOW AV Somerville, MA",DAYLIGHT                                          ,CLEAR                                             ,DRY                                               ,NONE                                              ,TRAFFIC CONTROL SIGNAL                            ,FOUR WAY INTERSECTION                             ,"TWO-WAY, NOT DIVIDED                              ",SINGLE VEHICLE CRASH                              ,COLLISION WITH MOTOR VEHICLE IN TRAFFIC           ,ROADWAY                                           ,20 ,N,0,0,0,0,4,0,0,0,0,0,0,,,,N,42.3941,-71.1168,6,250173509001002