Crash Number,Date and Time of Crash,Police Shift,Crash Location,Light Conditions,Weather Conditions,Road Surface,Road Contributing Circumstances,Traffic Control Device Type,Roadway Intersection Type,Trafficway Description,Manner of Collision,First Harmful Event,First Harmful Event Location,Speed Limit,Work Zone,Count Fatal Injury ,Count Suspected Serious Injury,Count Suspected Minor Injury ,Count Possible Injury,Count No Apparent Injury,Count Unknown Injury,Count Not Reported Injury,Total Non-Motorists,Pedestrian Involvement (Non-Motorist),Cyclist Involvement (Non-Motorist),Other Non-Motorist Involvement,Non-Motorist Location ,Non-Motorist Action,Non-Motorist Condition,Hit and Run Flag,Latitude,Longitude,Ward,Block Code 
20037877,2020-08-04 14:26:00,Day Shift (8AM - 4PM),"LAUREL ST & SOMERVILLE AV Somerville, MA",DAYLIGHT                                          ,CLOUDY                                            ,DRY                                               ,NONE                                              ,STOP SIGNS                                        ,T-INTERSECTION                                    ,"TWO-WAY, NOT DIVIDED                              ",ANGLE                                             ,COLLISION WITH OTHER MOVABLE OBJECT               ,ROADWAY                                           ,30 ,N,0,0,0,0,2,0,0,1,0,1,0,MARKED CROSSWALK AT INTERSECTION                  ,ENTERING OR CROSSING SPECIFIED LOCATION           ,APPARENTLY NORMAL                                 ,N,42.383,-71.1054,2,250173512041001
22051087,2022-09-09 20:07:00,First Half (4PM - Midnight),"497 SOMERVILLE AV Somerville, MA",DARK - LIGHTED ROADWAY                            ,CLEAR                                             ,DRY                                               ,NONE                                              ,NO CONTROLS                                       ,T-INTERSECTION                                    ,"TWO-WAY, DIVIDED, UNPROTECTED MEDIAN              ",REAR-END                                          ,COLLISION WITH MOTOR VEHICLE IN TRAFFIC           ,ROADWAY                                           ,25 ,N,0,0,0,0,4,0,0,0,0,0,0,,,,N,42.3831,-71.105,2,250173512041001
23042940,2023-07-30 12:55:00,Day Shift (8AM - 4PM),"516 SOMERVILLE AV Somerville, MA",DAYLIGHT                                          ,CLEAR                                             ,DRY                                               ,NONE                                              ,TRAFFIC CONTROL SIGNAL                            ,NOT AT INTERSECTION                               ,"TWO-WAY, NOT DIVIDED                              ","SIDESWIPE, SAME DIRECTION                         ",COLLISION WITH MOTOR VEHICLE IN TRAFFIC           ,ROADWAY                                           ,25 ,N,0,1,0,0,2,0,0,0,0,0,0,,,,N,42.3829,-71.106,2,250173512041002
20002324,2020-01-14 16:32:00,First Half (4PM - Midnight),"622 SOMERVILLE AV Somerville, MA",DAYLIGHT                                          ,CLOUDY                                            ,DRY                                               ,NONE                                              ,NO CONTROLS                                       ,T-INTERSECTION                                    ,"TWO-WAY, NOT DIVIDED                              ",ANGLE                                             ,COLLISION WITH PEDALCYCLE                         ,ROADWAY                                           ,30 ,N,0,0,1,0,1,0,0,1,0,1,0,IN ROADWAY                                        ,"WALKING, RUNNING OR CYCLING                       ",APPARENTLY NORMAL                                 ,N,42.3836,-71.1103,2,250173512041003
18069343,2018-11-23 13:01:00,Day Shift (8AM - 4PM),"622 SOMERVILLE AV Somerville, MA",DAYLIGHT                                          ,CLEAR                                             ,DRY                                               ,NONE                                              ,NO CONTROLS                                       ,NOT AT INTERSECTION                               ,UNKNOWN                                           ,"SIDESWIPE, SAME DIRECTION                         ",COLLISION WITH MOTOR VEHICLE IN TRAFFIC           ,UNKNOWN                                           ,5  ,N,0,0,0,0,2,0,0,0,0,0,0,,,,N,42.3836,-71.1103,2,250173512041003
19007129,2019-02-08 17:29:00,First Half (4PM - Midnight),"530 SOMERVILLE AV Somerville, MA",DARK - LIGHTED ROADWAY                            ,CLEAR                                             ,DRY                                               ,UNKNOWN                                           ,NO CONTROLS                                       ,NOT AT INTERSECTION                               ,"TWO-WAY, NOT DIVIDED                              ",SINGLE VEHICLE CRASH                              ,COLLISION WITH PEDESTRIAN                         ,ROADWAY                                           ,20 ,N,0,0,1,0,1,0,0,1,1,0,0,MARKED CROSSWALK AT INTERSECTION                  ,"WALKING, RUNNING OR CYCLING                       ",EMOTIONAL                                         ,N,42.3827,-71.107,2,250173512041003
22050318,2022-09-06 07:41:00,Last Half (Midnight - 8AM),"608 SOMERVILLE AV Somerville, MA",DAYLIGHT                                          ,RAIN                                              ,WET                                               ,NONE                                              ,STOP SIGNS                                        ,T-INTERSECTION                                    ,"TWO-WAY, NOT DIVIDED                              ",UNKNOWN                                           ,COLLISION WITH PEDALCYCLE                         ,ROADWAY                                           ,25 ,N,0,0,1,0,0,1,0,1,0,1,0,SHARED-USE PATH OR TRAILS                         ,"WALKING, RUNNING OR CYCLING                       ",UNKNOWN                                           ,N,42.3838,-71.1095,2,250173512041003
23026867,2023-05-16 08:23:00,Day Shift (8AM - 4PM),"530 SOMERVILLE AV Somerville, MA",DAYLIGHT                                          ,CLEAR                                             ,DRY                                               ,NONE                                              ,NO CONTROLS                                       ,NOT AT INTERSECTION                               ,"TWO-WAY, DIVIDED, UNPROTECTED MEDIAN              ",SINGLE VEHICLE CRASH                              ,COLLISION WITH PEDESTRIAN                         ,ROADWAY                                           ,25 ,Y,0,0,1,0,2,0,0,1,0,1,0,IN ROADWAY                                        ,"WALKING, RUNNING OR CYCLING                       ",APPARENTLY NORMAL                                 ,N,42.3827,-71.107,2,250173512041003
23024800,2023-05-07 01:25:00,Last Half (Midnight - 8AM),"622 SOMERVILLE AV Somerville, MA",DUSK                                              ,CLEAR                                             ,DRY                                               ,NONE                                              ,NO CONTROLS                                       ,NOT AT INTERSECTION                               ,UNKNOWN                                           ,SINGLE VEHICLE CRASH                              ,COLLISION WITH LIGHT POLE OR OTHER POST/SUPPORT   ,OUTSIDE ROADWAY                                   ,10 ,N,0,0,0,0,1,0,0,0,0,0,0,,,,N,42.3836,-71.1103,2,250173512041003
22034284,2022-06-18 12:23:00,Day Shift (8AM - 4PM),"550 SOMERVILLE AVE Somerville, MA",DAYLIGHT                                          ,CLEAR                                             ,DRY                                               ,NONE                                              ,NO CONTROLS                                       ,NOT AT INTERSECTION                               ,"TWO-WAY, NOT DIVIDED                              ",REAR-END                                          ,COLLISION WITH MOTOR VEHICLE IN TRAFFIC           ,ROADWAY                                           ,20 ,N,0,0,0,0,4,0,0,0,0,0,0,,,,N,42.3827,-71.1077,2,250173512041003
22053317,2022-09-19 13:53:00,Day Shift (8AM - 4PM),"530 SOMERVILLE AVE Somerville, MA",DAYLIGHT                                          ,CLOUDY                                            ,DRY                                               ,NONE                                              ,TRAFFIC CONTROL SIGNAL                            ,NOT AT INTERSECTION                               ,"TWO-WAY, NOT DIVIDED                              ",REAR-END                                          ,COLLISION WITH MOTOR VEHICLE IN TRAFFIC           ,ROADWAY                                           ,25 ,N,0,0,0,1,1,0,0,0,0,0,0,,,,N,42.3827,-71.107,2,250173512041003
23020343,2023-04-15 17:32:00,First Half (4PM - Midnight),"622 SOMERVILLE AV Somerville, MA",DAYLIGHT                                          ,CLEAR                                             ,DRY                                               ,NONE                                              ,NO CONTROLS                                       ,NOT AT INTERSECTION                               ,"TWO-WAY, NOT DIVIDED                              ",SINGLE VEHICLE CRASH                              ,COLLISION WITH PARKED MOTOR VEHICLE               ,ROADWAY                                           ,25 ,N,0,0,1,0,1,0,0,0,0,0,0,,,,N,42.3836,-71.1103,2,250173512041003
18058178,2018-09-29 11:15:00,Day Shift (8AM - 4PM),"630 SOMERVILLE AVE Somerville, MA",DAYLIGHT                                          ,CLEAR                                             ,DRY                                               ,UNKNOWN                                           ,NO CONTROLS                                       ,NOT AT INTERSECTION                               ,"TWO-WAY, DIVIDED, UNPROTECTED MEDIAN              ",REAR-END                                          ,COLLISION WITH MOTOR VEHICLE IN TRAFFIC           ,ROADWAY                                           ,25 ,N,0,0,0,0,2,0,0,0,0,0,0,,,,N,42.3838,-71.1109,2,250173512041003
22063444,2022-11-05 07:58:00,Last Half (Midnight - 8AM),"570 SOMERVILLE AV (PARKINGLOT) Somerville, MA",DAYLIGHT                                          ,UNKNOWN                                           ,DRY                                               ,OTHER                                             ,NO CONTROLS                                       ,NOT AT INTERSECTION                               ,UNKNOWN                                           ,REAR-END                                          ,COLLISION WITH PARKED MOTOR VEHICLE               ,OUTSIDE ROADWAY                                   ,5  ,N,0,0,0,0,3,0,0,0,0,0,0,,,,N,42.3829,-71.1085,2,250173512041003
19054731,2019-09-23 07:40:00,Last Half (Midnight - 8AM),"630 SOMERVILLE AV Somerville, MA",DAYLIGHT                                          ,CLEAR                                             ,DRY                                               ,NONE                                              ,NO CONTROLS                                       ,NOT AT INTERSECTION                               ,"TWO-WAY, NOT DIVIDED                              ",SINGLE VEHICLE CRASH                              ,OTHER                                             ,ROADWAY                                           ,25 ,N,0,0,0,0,2,0,0,1,0,1,0,IN ROADWAY                                        ,"WALKING, RUNNING OR CYCLING                       ",APPARENTLY NORMAL                                 ,N,42.3838,-71.1109,2,250173512041003
22042067,2022-07-29 16:23:00,First Half (4PM - Midnight),"594 SOMERVILLE AV Somerville, MA",DAYLIGHT                                          ,CLEAR                                             ,DRY                                               ,NONE                                              ,TRAFFIC CONTROL SIGNAL                            ,NOT AT INTERSECTION                               ,"TWO-WAY, DIVIDED, UNPROTECTED MEDIAN              ",REAR-END                                          ,COLLISION WITH MOTOR VEHICLE IN TRAFFIC           ,ROADWAY                                           ,25 ,N,0,0,0,0,5,0,0,0,0,0,0,,,,N,42.3837,-71.1093,2,250173512041003
18063104,2018-10-24 16:32:00,First Half (4PM - Midnight),"SOMERVILLE AV & SPRING ST Somerville, MA",DAYLIGHT                                          ,CLOUDY                                            ,WET                                               ,NONE                                              ,NO CONTROLS                                       ,NOT AT INTERSECTION                               ,UNKNOWN                                           ,ANGLE                                             ,COLLISION WITH MOTOR VEHICLE IN TRAFFIC           ,ROADWAY                                           ,25 ,N,0,0,1,1,2,0,0,0,0,0,0,,,,N,42.3839,-71.1095,3,250173512041004
19046374,2019-08-14 08:41:00,Day Shift (8AM - 4PM),"591 SOMERVILLE AV Somerville, MA",DAYLIGHT                                          ,CLEAR                                             ,DRY                                               ,NONE                                              ,NO CONTROLS                                       ,NOT AT INTERSECTION                               ,"TWO-WAY, NOT DIVIDED                              ",ANGLE                                             ,COLLISION WITH PEDALCYCLE                         ,ROADWAY                                           ,20 ,N,0,0,1,0,1,0,0,1,0,1,0,IN ROADWAY                                        ,"WALKING, RUNNING OR CYCLING                       ",APPARENTLY NORMAL                                 ,N,42.3839,-71.1088,3,250173512041004
20047575,2020-10-03 09:15:00,Day Shift (8AM - 4PM),"585 SOMERVILLE AVE Somerville, MA",DAYLIGHT                                          ,CLEAR                                             ,DRY                                               ,NONE                                              ,NO CONTROLS                                       ,NOT AT INTERSECTION                               ,"TWO-WAY, NOT DIVIDED                              ","SIDESWIPE, SAME DIRECTION                         ",COLLISION WITH PEDALCYCLE                         ,ROADSIDE                                          ,25 ,N,0,0,0,1,3,0,0,1,0,1,0,SHARED-USE PATH OR TRAILS                         ,"WALKING, RUNNING OR CYCLING                       ",APPARENTLY NORMAL                                 ,N,42.3839,-71.1087,3,250173512041004
23014767,2023-03-21 17:25:00,First Half (4PM - Midnight),"SOMERVILLE AV & BLEACHERY CT Somerville, MA",DAYLIGHT                                          ,CLEAR                                             ,DRY                                               ,TRAFFIC CONGESTION RELATED                        ,NO CONTROLS                                       ,T-INTERSECTION                                    ,"TWO-WAY, NOT DIVIDED                              ",HEAD ON                                           ,UNKNOWN                                           ,SHOULDER - TRAVEL LANE                            ,25 ,N,0,0,1,0,4,0,0,1,0,1,0,SHOULDER                                          ,OTHER                                             ,APPARENTLY NORMAL                                 ,N,42.3836,-71.1082,3,250173512041004
22023128,2022-04-29 06:13:00,Last Half (Midnight - 8AM),"577 SOMERVILLE AV Somerville, MA",DAYLIGHT                                          ,CLEAR                                             ,DRY                                               ,NONE                                              ,NO CONTROLS                                       ,NOT AT INTERSECTION                               ,"TWO-WAY, DIVIDED, UNPROTECTED MEDIAN              ","SIDESWIPE, SAME DIRECTION                         ",COLLISION WITH PEDALCYCLE                         ,ROADWAY                                           ,25 ,N,0,0,0,0,3,0,0,1,0,1,0,IN ROADWAY                                        ,"WALKING, RUNNING OR CYCLING                       ",APPARENTLY NORMAL                                 ,N,42.3839,-71.1085,3,250173512041004
20018924,2020-04-10 09:42:00,Day Shift (8AM - 4PM),"591 SOMERVILLE AV Somerville, MA",DAYLIGHT                                          ,CLOUDY                                            ,DRY                                               ,NONE                                              ,NO CONTROLS                                       ,NOT AT INTERSECTION                               ,"TWO-WAY, NOT DIVIDED                              ",SINGLE VEHICLE CRASH                              ,COLLISION WITH LIGHT POLE OR OTHER POST/SUPPORT   ,ROADSIDE                                          ,25 ,N,0,0,0,0,1,0,0,0,0,0,0,,,,N,42.3839,-71.1088,3,250173512041004
24021194,2024-04-15 19:06:00,First Half (4PM - Midnight),"577 SOMERVILLE AV Somerville, MA",DUSK                                              ,CLEAR                                             ,DRY                                               ,UNKNOWN                                           ,UNKNOWN                                           ,NOT AT INTERSECTION                               ,"TWO-WAY, DIVIDED, UNPROTECTED MEDIAN              ",SINGLE VEHICLE CRASH                              ,COLLISION WITH PEDESTRIAN                         ,ROADWAY                                           ,20 ,N,0,0,1,0,0,0,0,1,1,0,0,MARKED CROSSWALK AT INTERSECTION                  ,"WALKING, RUNNING OR CYCLING                       ",APPARENTLY NORMAL                                 ,N,42.3839,-71.1085,3,250173512041004
20049731,2020-10-14 13:47:00,Day Shift (8AM - 4PM),"555 SOMERVILLE AV Somerville, MA",DAYLIGHT                                          ,CLEAR                                             ,DRY                                               ,NONE                                              ,NO CONTROLS                                       ,NOT AT INTERSECTION                               ,"TWO-WAY, NOT DIVIDED                              ",REAR-END                                          ,COLLISION WITH MOTOR VEHICLE IN TRAFFIC           ,ROADWAY                                           ,25 ,N,0,0,0,0,3,0,0,0,0,0,0,,,,N,42.3835,-71.1074,3,250173512041005
21064894,2021-12-17 10:30:00,Day Shift (8AM - 4PM),"557 SOMERVILLE AV Somerville, MA",DAYLIGHT                                          ,CLEAR                                             ,DRY                                               ,NONE                                              ,NO CONTROLS                                       ,NOT AT INTERSECTION                               ,"TWO-WAY, NOT DIVIDED                              ",REAR-END                                          ,COLLISION WITH MOTOR VEHICLE IN TRAFFIC           ,ROADWAY                                           ,25 ,N,0,0,0,0,3,0,0,0,0,0,0,,,,N,42.3836,-71.1074,3,250173512041005
19028800,2019-05-24 17:02:00,First Half (4PM - Midnight),"KENT ST & SOMERVILLE AV Somerville, MA",DAYLIGHT                                          ,CLOUDY                                            ,DRY                                               ,NONE                                              ,NO CONTROLS                                       ,T-INTERSECTION                                    ,"TWO-WAY, NOT DIVIDED                              ",REAR-END                                          ,COLLISION WITH MOTOR VEHICLE IN TRAFFIC           ,ROADWAY                                           ,30 ,N,0,0,0,0,2,0,0,0,0,0,0,,,,N,42.3839,-71.1097,3,250173512041006
20040784,2020-08-23 11:07:00,Day Shift (8AM - 4PM),"SOMERVILLE AV & NA Somerville, MA",DAYLIGHT                                          ,CLEAR                                             ,DRY                                               ,UNKNOWN                                           ,NO CONTROLS                                       ,T-INTERSECTION                                    ,"TWO-WAY, NOT DIVIDED                              ",ANGLE                                             ,COLLISION WITH PEDALCYCLE                         ,ROADWAY                                           ,25 ,N,0,0,1,0,1,0,0,1,0,1,0,IN ROADWAY                                        ,"WALKING, RUNNING OR CYCLING                       ",APPARENTLY NORMAL                                 ,N,42.384,-71.1097,3,250173512041006
19036793,2019-06-29 19:57:00,First Half (4PM - Midnight),"KENT ST & SOMERVILLE AV Somerville, MA",DAYLIGHT                                          ,CLEAR                                             ,DRY                                               ,NONE                                              ,NO CONTROLS                                       ,T-INTERSECTION                                    ,"TWO-WAY, NOT DIVIDED                              ",ANGLE                                             ,COLLISION WITH MOTOR VEHICLE IN TRAFFIC           ,ROADWAY                                           ,30 ,N,0,0,0,0,2,0,0,0,0,0,0,,,,N,42.3839,-71.1097,3,250173512041006
19037541,2019-07-03 08:15:00,Day Shift (8AM - 4PM),"SOMERVILLE AV & NA Somerville, MA",DAYLIGHT                                          ,CLEAR                                             ,DRY                                               ,NONE                                              ,STOP SIGNS                                        ,T-INTERSECTION                                    ,"ONE-WAY, NOT DIVIDED                              ",ANGLE                                             ,COLLISION WITH MOTOR VEHICLE IN TRAFFIC           ,ROADWAY                                           ,25 ,N,0,0,0,0,3,0,0,0,0,0,0,,,,N,42.384,-71.1097,3,250173512041006
20010920,2020-02-26 13:01:00,Day Shift (8AM - 4PM),"599 SOMERVILLE AV Somerville, MA",DAYLIGHT                                          ,CLOUDY                                            ,DRY                                               ,NONE                                              ,NO CONTROLS                                       ,T-INTERSECTION                                    ,"TWO-WAY, NOT DIVIDED                              ",HEAD ON                                           ,COLLISION WITH PEDESTRIAN                         ,ROADWAY                                           ,25 ,N,0,0,0,0,2,1,0,1,1,0,0,IN ROADWAY                                        ,ENTERING OR CROSSING SPECIFIED LOCATION           ,APPARENTLY NORMAL                                 ,N,42.3842,-71.1098,3,250173512041006
20062256,2020-12-26 06:01:00,Last Half (Midnight - 8AM),"466 SOMERVILLE AV Somerville, MA",DARK - LIGHTED ROADWAY                            ,CLEAR                                             ,DRY                                               ,NONE                                              ,NO CONTROLS                                       ,NOT AT INTERSECTION                               ,"TWO-WAY, DIVIDED, UNPROTECTED MEDIAN              ",UNKNOWN                                           ,OTHER NON-COLLISION                               ,ROADSIDE                                          ,25 ,N,0,0,0,0,1,0,0,0,0,0,0,,,,N,42.3824,-71.1036,2,250173512041007
19022392,2019-04-24 08:49:00,Day Shift (8AM - 4PM),"486 SOMERVILLE AV Somerville, MA",DAYLIGHT                                          ,CLOUDY                                            ,DRY                                               ,NONE                                              ,NO CONTROLS                                       ,NOT AT INTERSECTION                               ,"TWO-WAY, DIVIDED, UNPROTECTED MEDIAN              ",REAR-END                                          ,COLLISION WITH MOTOR VEHICLE IN TRAFFIC           ,ROADWAY                                           ,30 ,N,0,0,0,1,1,0,0,0,0,0,0,,,,N,42.3827,-71.1045,2,250173512041007
19031208,2019-06-04 18:00:00,First Half (4PM - Midnight),"9A DANE ST Somerville, MA",DUSK                                              ,CLOUDY                                            ,DRY                                               ,NONE                                              ,NO CONTROLS                                       ,NOT AT INTERSECTION                               ,"TWO-WAY, NOT DIVIDED                              ","SIDESWIPE, SAME DIRECTION                         ",COLLISION WITH MOTOR VEHICLE IN TRAFFIC           ,ROADWAY                                           ,25 ,N,0,0,0,0,2,0,0,0,0,0,0,,,,N,42.382,-71.1037,2,250173512041007
19032275,2019-06-09 13:56:00,Day Shift (8AM - 4PM),"275 BEACON ST Somerville, MA",DAYLIGHT                                          ,CLEAR                                             ,DRY                                               ,NONE                                              ,NO CONTROLS                                       ,NOT AT INTERSECTION                               ,"TWO-WAY, DIVIDED, UNPROTECTED MEDIAN              ",ANGLE                                             ,COLLISION WITH MOPED                              ,ROADWAY                                           ,25 ,N,0,0,1,0,2,0,0,0,0,0,0,,,,N,42.3837,-71.1118,2,250173512041008
22004829,2022-01-31 07:43:00,Last Half (Midnight - 8AM),"BEACON ST & SACRAMENTO ST Somerville, MA",DAYLIGHT                                          ,CLEAR                                             ,SNOW                                              ,NONE                                              ,NO CONTROLS                                       ,T-INTERSECTION                                    ,"TWO-WAY, NOT DIVIDED                              ",REAR-END                                          ,COLLISION WITH MOTOR VEHICLE IN TRAFFIC           ,ROADWAY                                           ,25 ,N,0,0,0,1,3,0,0,0,0,0,0,,,,N,42.3833,-71.1126,2,250173512041008
19062075,2019-10-29 16:11:00,First Half (4PM - Midnight),"43 PARK ST Somerville, MA",DAYLIGHT                                          ,CLOUDY                                            ,WET                                               ,TRAFFIC CONGESTION RELATED                        ,RAILWAY CROSSING DEVICE                           ,"RAILWAY, GRADE CROSSING                           ","TWO-WAY, NOT DIVIDED                              ",SINGLE VEHICLE CRASH                              ,COLLISION WITH MOTOR VEHICLE IN TRAFFIC           ,ROADWAY                                           ,25 ,N,0,0,0,1,2,0,0,0,0,0,0,,,,N,42.3816,-71.1078,2,250173512041008
23069546,2023-12-03 14:16:00,Day Shift (8AM - 4PM),"BEACON ST & MUSEUM ST Somerville, MA",DAYLIGHT                                          ,RAIN                                              ,WET                                               ,UNKNOWN                                           ,NO CONTROLS                                       ,T-INTERSECTION                                    ,"TWO-WAY, NOT DIVIDED                              ",SINGLE VEHICLE CRASH                              ,COLLISION WITH PEDALCYCLE                         ,ROADWAY                                           ,25 ,N,0,0,1,0,2,0,0,1,0,1,0,IN ROADWAY                                        ,ENTERING OR CROSSING SPECIFIED LOCATION           ,APPARENTLY NORMAL                                 ,N,42.382,-71.1109,2,250173512041008
19070090,2019-12-10 17:28:00,First Half (4PM - Midnight),"BEACON ST & MUSEUM ST Somerville, MA",DARK - LIGHTED ROADWAY                            ,RAIN                                              ,WET                                               ,NONE                                              ,NO CONTROLS                                       ,T-INTERSECTION                                    ,"TWO-WAY, NOT DIVIDED                              ",ANGLE                                             ,COLLISION WITH PEDESTRIAN                         ,ROADWAY                                           ,25 ,N,0,0,0,0,2,0,0,1,1,0,0,MARKED CROSSWALK AT INTERSECTION                  ,ENTERING OR CROSSING SPECIFIED LOCATION           ,APPARENTLY NORMAL                                 ,N,42.382,-71.1109,2,250173512041008
23035514,2023-06-25 17:46:00,First Half (4PM - Midnight),"275 BEACON ST Somerville, MA",DAYLIGHT                                          ,CLEAR                                             ,DRY                                               ,NONE                                              ,NO CONTROLS                                       ,NOT AT INTERSECTION                               ,"TWO-WAY, NOT DIVIDED                              ","SIDESWIPE, SAME DIRECTION                         ",COLLISION WITH PEDALCYCLE                         ,SHOULDER - TRAVEL LANE                            ,20 ,N,0,0,1,0,2,0,0,1,0,1,0,SHOULDER                                          ,"WALKING, RUNNING OR CYCLING                       ",APPARENTLY NORMAL                                 ,N,42.3837,-71.1118,2,250173512041008
20057230,2020-11-25 15:31:00,Day Shift (8AM - 4PM),"263 BEACON ST Somerville, MA",DAYLIGHT                                          ,CLOUDY                                            ,DRY                                               ,NONE                                              ,NO CONTROLS                                       ,NOT AT INTERSECTION                               ,"TWO-WAY, NOT DIVIDED                              ",ANGLE                                             ,COLLISION WITH PARKED MOTOR VEHICLE               ,ROADWAY                                           ,25 ,N,0,0,0,0,3,0,0,0,0,0,0,,,,N,42.3829,-71.1115,2,250173512041008
22066517,2022-11-21 18:19:00,First Half (4PM - Midnight),"253 BEACON ST Somerville, MA",DARK - LIGHTED ROADWAY                            ,CLEAR                                             ,DRY                                               ,NONE                                              ,YIELD SIGNS                                       ,NOT AT INTERSECTION                               ,"TWO-WAY, DIVIDED, UNPROTECTED MEDIAN              ",REAR-END                                          ,COLLISION WITH MOTOR VEHICLE IN TRAFFIC           ,ROADWAY                                           ,20 ,N,0,0,0,1,2,0,0,0,0,0,0,,,,N,42.3823,-71.1112,2,250173512041008
21010673,2021-03-02 08:00:00,Day Shift (8AM - 4PM),"32 KENT ST Somerville, MA",DAYLIGHT                                          ,CLEAR                                             ,DRY                                               ,NONE                                              ,NO CONTROLS                                       ,DRIVEWAY                                          ,"TWO-WAY, NOT DIVIDED                              ",REAR TO REAR                                      ,COLLISION WITH MOTOR VEHICLE IN TRAFFIC           ,OUTSIDE ROADWAY                                   ,15 ,N,0,0,0,0,3,0,0,0,0,0,0,,,,N,42.3826,-71.11,2,250173512041008
19057812,2019-10-08 10:17:00,Day Shift (8AM - 4PM),"BEACON ST & KENT ST Somerville, MA",DAYLIGHT                                          ,CLOUDY                                            ,DRY                                               ,NONE                                              ,NO CONTROLS                                       ,T-INTERSECTION                                    ,"TWO-WAY, NOT DIVIDED                              ",ANGLE                                             ,COLLISION WITH MOTOR VEHICLE IN TRAFFIC           ,ROADWAY                                           ,25 ,N,0,0,0,0,3,0,0,0,0,0,0,,,,N,42.382,-71.1109,2,250173512041008
18058619,2018-10-01 14:59:00,Day Shift (8AM - 4PM),"275 BEACON ST Somerville, MA",DAYLIGHT                                          ,RAIN                                              ,WET                                               ,NONE                                              ,STOP SIGNS                                        ,T-INTERSECTION                                    ,"TWO-WAY, NOT DIVIDED                              ","SIDESWIPE, SAME DIRECTION                         ",COLLISION WITH PARKED MOTOR VEHICLE               ,ROADSIDE                                          ,25 ,N,0,0,0,0,3,0,0,0,0,0,0,,,,N,42.3837,-71.1118,2,250173512041008
23067448,2023-11-21 20:05:00,First Half (4PM - Midnight),"BEACON ST & SACRAMENTO ST Somerville, MA",DARK - LIGHTED ROADWAY                            ,CLEAR                                             ,DRY                                               ,NONE                                              ,NO CONTROLS                                       ,T-INTERSECTION                                    ,"TWO-WAY, NOT DIVIDED                              ",HEAD ON                                           ,COLLISION WITH PEDALCYCLE                         ,ROADWAY                                           ,25 ,N,0,0,0,1,3,0,0,1,0,1,0,SHARED-USE PATH OR TRAILS                         ,"WALKING, RUNNING OR CYCLING                       ",APPARENTLY NORMAL                                 ,N,42.3833,-71.1126,2,250173512041008
18067640,2018-11-14 12:51:00,Day Shift (8AM - 4PM),"32 KENT ST Somerville, MA",DAYLIGHT                                          ,CLEAR                                             ,DRY                                               ,NONE                                              ,NO CONTROLS                                       ,NOT AT INTERSECTION                               ,UNKNOWN                                           ,SINGLE VEHICLE CRASH                              ,COLLISION WITH LIGHT POLE OR OTHER POST/SUPPORT   ,UNKNOWN                                           ,10 ,N,0,0,1,0,1,0,0,0,0,0,0,,,,N,42.3826,-71.11,2,250173512041008
18032129,2018-05-30 10:18:00,Day Shift (8AM - 4PM),"14 CENTRAL ST Somerville, MA",DAYLIGHT                                          ,CLEAR                                             ,DRY                                               ,NONE                                              ,NO CONTROLS                                       ,T-INTERSECTION                                    ,"ONE-WAY, NOT DIVIDED                              ",ANGLE                                             ,COLLISION WITH PEDALCYCLE                         ,ROADWAY                                           ,25 ,N,0,0,0,1,1,0,0,1,0,1,0,IN ROADWAY                                        ,"WALKING, RUNNING OR CYCLING                       ",APPARENTLY NORMAL                                 ,N,42.3841,-71.1066,3,250173512041011
18029532,2018-05-18 17:14:00,First Half (4PM - Midnight),"PRESCOTT ST & SUMMER ST Somerville, MA",DAYLIGHT                                          ,CLEAR                                             ,DRY                                               ,NONE                                              ,STOP SIGNS                                        ,T-INTERSECTION                                    ,"TWO-WAY, NOT DIVIDED                              ",HEAD ON                                           ,COLLISION WITH PEDESTRIAN                         ,ROADWAY                                           ,25 ,N,0,0,0,1,1,0,0,1,1,0,0,MARKED CROSSWALK AT INTERSECTION                  ,"WALKING, RUNNING OR CYCLING                       ",APPARENTLY NORMAL                                 ,N,42.3837,-71.0998,3,250173512042000