Crash Number,Date and Time of Crash,Police Shift,Crash Location,Light Conditions,Weather Conditions,Road Surface,Road Contributing Circumstances,Traffic Control Device Type,Roadway Intersection Type,Trafficway Description,Manner of Collision,First Harmful Event,First Harmful Event Location,Speed Limit,Work Zone,Count Fatal Injury ,Count Suspected Serious Injury,Count Suspected Minor Injury ,Count Possible Injury,Count No Apparent Injury,Count Unknown Injury,Count Not Reported Injury,Total Non-Motorists,Pedestrian Involvement (Non-Motorist),Cyclist Involvement (Non-Motorist),Other Non-Motorist Involvement,Non-Motorist Location ,Non-Motorist Action,Non-Motorist Condition,Hit and Run Flag,Latitude,Longitude,Ward,Block Code 
20013975,2020-03-11 06:20:00,Last Half (Midnight - 8AM),"13 SCHOOL ST Somerville, MA",DARK - LIGHTED ROADWAY                            ,CLEAR                                             ,DRY                                               ,NONE                                              ,NO CONTROLS                                       ,T-INTERSECTION                                    ,"ONE-WAY, NOT DIVIDED                              ","SIDESWIPE, SAME DIRECTION                         ",COLLISION WITH PARKED MOTOR VEHICLE               ,ROADWAY                                           ,25 ,N,0,0,0,0,3,0,0,0,0,0,0,,,,N,42.3824,-71.1015,3,250173512042000
18060810,2018-10-12 17:01:00,First Half (4PM - Midnight),"PRESCOTT ST & SUMMER ST Somerville, MA",DAYLIGHT                                          ,CLEAR                                             ,DRY                                               ,NONE                                              ,NO CONTROLS                                       ,NOT AT INTERSECTION                               ,"TWO-WAY, NOT DIVIDED                              ",REAR-END                                          ,COLLISION WITH PARKED MOTOR VEHICLE               ,ROADWAY                                           ,25 ,N,0,0,0,0,2,0,0,0,0,0,0,,,,N,42.3837,-71.0998,3,250173512042000
24008303,2024-02-14 00:02:00,Last Half (Midnight - 8AM),"49 SCHOOL ST Somerville, MA",DARK - LIGHTED ROADWAY                            ,"SLEET, HAIL, FREEZING RAIN OR DRIZZLE             ",WET                                               ,NONE                                              ,NO CONTROLS                                       ,NOT AT INTERSECTION                               ,"ONE-WAY, NOT DIVIDED                              ",SINGLE VEHICLE CRASH                              ,COLLISION WITH PARKED MOTOR VEHICLE               ,ROADWAY                                           ,25 ,N,0,0,0,0,1,0,0,0,0,0,0,,,,N,42.3837,-71.1006,3,250173512042000
19026022,2019-05-11 21:51:00,First Half (4PM - Midnight),"417 SOMERVILLE AV Somerville, MA",DARK - LIGHTED ROADWAY                            ,CLEAR                                             ,DRY                                               ,NONE                                              ,NO CONTROLS                                       ,NOT AT INTERSECTION                               ,"TWO-WAY, NOT DIVIDED                              ",REAR-END                                          ,COLLISION WITH MOTOR VEHICLE IN TRAFFIC           ,ROADWAY                                           ,25 ,N,0,0,0,1,3,0,0,0,0,0,0,,,,Y,42.382,-71.1014,3,250173512042000
20038960,2020-08-11 08:04:00,Day Shift (8AM - 4PM),"PRESCOTT ST & SUMMER ST Somerville, MA",DAYLIGHT                                          ,CLEAR                                             ,DRY                                               ,NONE                                              ,NO CONTROLS                                       ,T-INTERSECTION                                    ,"TWO-WAY, NOT DIVIDED                              ",SINGLE VEHICLE CRASH                              ,COLLISION WITH PEDESTRIAN                         ,ROADWAY                                           ,20 ,N,0,0,0,1,1,0,0,1,1,0,0,MARKED CROSSWALK AT INTERSECTION                  ,"WALKING, RUNNING OR CYCLING                       ",APPARENTLY NORMAL                                 ,N,42.3837,-71.0998,3,250173512042000
21035271,2021-07-10 12:17:00,Day Shift (8AM - 4PM),"KNAPP ST & SCHOOL ST Somerville, MA",DAYLIGHT                                          ,CLEAR                                             ,DRY                                               ,NONE                                              ,STOP SIGNS                                        ,T-INTERSECTION                                    ,"ONE-WAY, NOT DIVIDED                              ",ANGLE                                             ,COLLISION WITH MOTOR VEHICLE IN TRAFFIC           ,ROADWAY                                           ,25 ,N,0,0,0,0,4,0,0,0,0,0,0,,,,N,42.3826,-71.1017,3,250173512042000
18068058,2018-11-16 15:30:00,Day Shift (8AM - 4PM),"QUINCY ST & SUMMER ST Somerville, MA",DAYLIGHT                                          ,CLEAR                                             ,WET                                               ,UNKNOWN                                           ,STOP SIGNS                                        ,FOUR WAY INTERSECTION                             ,"TWO-WAY, DIVIDED, UNPROTECTED MEDIAN              ",ANGLE                                             ,COLLISION WITH MOTOR VEHICLE IN TRAFFIC           ,UNKNOWN                                           ,25 ,N,0,0,0,0,1,1,0,0,0,0,0,,,,N,42.3837,-71.0998,3,250173512042000
18025349,2018-04-30 07:32:00,Last Half (Midnight - 8AM),"PRESCOTT ST & SUMMER ST Somerville, MA",DAYLIGHT                                          ,CLEAR                                             ,DRY                                               ,NONE                                              ,STOP SIGNS                                        ,FOUR WAY INTERSECTION                             ,"TWO-WAY, NOT DIVIDED                              ",ANGLE                                             ,COLLISION WITH MOTOR VEHICLE IN TRAFFIC           ,ROADWAY                                           ,20 ,N,0,0,0,0,3,0,0,0,0,0,0,,,,N,42.3837,-71.0998,3,250173512042000
18069921,2018-11-26 15:01:00,Day Shift (8AM - 4PM),"PRESCOTT ST & SUMMER ST Somerville, MA",DAYLIGHT                                          ,CLOUDY                                            ,WET                                               ,NONE                                              ,STOP SIGNS                                        ,FOUR WAY INTERSECTION                             ,"TWO-WAY, DIVIDED, UNPROTECTED MEDIAN              ",ANGLE                                             ,COLLISION WITH MOTOR VEHICLE IN TRAFFIC           ,ROADWAY                                           ,20 ,N,0,0,0,0,4,0,0,0,0,0,0,,,,N,42.3837,-71.0998,3,250173512042000
22061780,2022-10-28 08:39:00,Day Shift (8AM - 4PM),"PRESCOTT ST & SUMMER ST Somerville, MA",DAYLIGHT                                          ,CLEAR                                             ,DRY                                               ,NONE                                              ,NO CONTROLS                                       ,T-INTERSECTION                                    ,"TWO-WAY, NOT DIVIDED                              ",SINGLE VEHICLE CRASH                              ,COLLISION WITH PEDESTRIAN                         ,ROADWAY                                           ,25 ,Y,0,0,0,1,3,0,0,1,1,0,0,MARKED CROSSWALK AT INTERSECTION                  ,"WALKING, RUNNING OR CYCLING                       ",APPARENTLY NORMAL                                 ,N,42.3837,-71.0998,3,250173512042000
24017418,2024-03-29 11:04:00,Day Shift (8AM - 4PM),"GRANITE ST & KNAPP ST Somerville, MA",DAYLIGHT                                          ,RAIN                                              ,WET                                               ,NONE                                              ,WARNING SIGNS                                     ,T-INTERSECTION                                    ,"TWO-WAY, NOT DIVIDED                              ",ANGLE                                             ,COLLISION WITH MOTOR VEHICLE IN TRAFFIC           ,ROADWAY                                           ,25 ,N,0,0,0,0,3,0,0,0,0,0,0,,,,N,42.383,-71.1031,2,250173512042001
24003238,2024-01-18 19:30:00,First Half (4PM - Midnight),"2 OSGOOD ST Somerville, MA",DARK - LIGHTED ROADWAY                            ,CLEAR                                             ,DRY                                               ,OTHER                                             ,NO CONTROLS                                       ,NOT AT INTERSECTION                               ,"TWO-WAY, NOT DIVIDED                              ",ANGLE                                             ,COLLISION WITH PARKED MOTOR VEHICLE               ,OUTSIDE ROADWAY                                   ,20 ,N,0,0,0,0,2,1,0,0,0,0,0,,,,N,42.3833,-71.1023,2,250173512042001
24005205,2024-01-29 12:09:00,Day Shift (8AM - 4PM),"28 SCHOOL ST Somerville, MA",DAYLIGHT                                          ,CLOUDY                                            ,WET                                               ,NONE                                              ,NO CONTROLS                                       ,NOT AT INTERSECTION                               ,"ONE-WAY, NOT DIVIDED                              ","SIDESWIPE, SAME DIRECTION                         ",COLLISION WITH MOTOR VEHICLE IN TRAFFIC           ,ROADWAY                                           ,25 ,N,0,0,0,0,4,0,0,0,0,0,0,,,,N,42.383,-71.1016,2,250173512042001
21015585,2021-03-27 18:04:00,First Half (4PM - Midnight),"23 GRANITE ST Somerville, MA",DAYLIGHT                                          ,CLEAR                                             ,DRY                                               ,NONE                                              ,NO CONTROLS                                       ,NOT AT INTERSECTION                               ,"TWO-WAY, NOT DIVIDED                              ",ANGLE                                             ,COLLISION WITH PARKED MOTOR VEHICLE               ,UNKNOWN                                           ,25 ,N,0,0,0,1,0,0,0,0,0,0,0,,,,N,42.3833,-71.1027,2,250173512042001
24023924,2024-04-27 16:55:00,First Half (4PM - Midnight),"24 SCHOOL ST Somerville, MA",DAYLIGHT                                          ,CLEAR                                             ,DRY                                               ,NONE                                              ,NO CONTROLS                                       ,NOT AT INTERSECTION                               ,"ONE-WAY, NOT DIVIDED                              ",HEAD ON                                           ,COLLISION WITH PEDALCYCLE                         ,ROADWAY                                           ,25 ,N,0,0,0,1,1,1,0,1,0,1,0,IN ROADWAY                                        ,"WALKING, RUNNING OR CYCLING                       ",APPARENTLY NORMAL                                 ,Y,42.383,-71.1016,2,250173512042001
24003237,2024-01-18 19:24:00,First Half (4PM - Midnight),"SCHOOL ST & SOMERVILLE AV Somerville, MA",DARK - LIGHTED ROADWAY                            ,CLEAR                                             ,DRY                                               ,NONE                                              ,FLASHING TRAFIC CONTROL SIGNAL                    ,T-INTERSECTION                                    ,"ONE-WAY, NOT DIVIDED                              ",REAR-END                                          ,COLLISION WITH MOTOR VEHICLE IN TRAFFIC           ,ROADWAY                                           ,20 ,N,0,0,0,0,4,0,0,0,0,0,0,,,,N,42.382,-71.102,2,250173512042002
20009891,2020-02-21 19:55:00,First Half (4PM - Midnight),"451 SOMERVILLE AV Somerville, MA",DARK - LIGHTED ROADWAY                            ,CLEAR                                             ,DRY                                               ,NONE                                              ,TRAFFIC CONTROL SIGNAL                            ,T-INTERSECTION                                    ,"TWO-WAY, NOT DIVIDED                              ",REAR-END                                          ,COLLISION WITH MOTOR VEHICLE IN TRAFFIC           ,ROADWAY                                           ,25 ,N,0,0,0,1,2,0,0,0,0,0,0,,,,N,42.3824,-71.1027,2,250173512042002
19062448,2019-10-31 14:40:00,Day Shift (8AM - 4PM),"451 SOMERVILLE AVE Somerville, MA",DAYLIGHT                                          ,CLOUDY                                            ,WET                                               ,NONE                                              ,NO CONTROLS                                       ,NOT AT INTERSECTION                               ,"TWO-WAY, NOT DIVIDED                              ",ANGLE                                             ,COLLISION WITH MOTOR VEHICLE IN TRAFFIC           ,ROADWAY                                           ,25 ,N,0,0,0,1,1,0,0,0,0,0,0,,,,N,42.3824,-71.1027,2,250173512042002
22051442,2022-09-11 07:55:00,Last Half (Midnight - 8AM),"12 SCHOOL ST Somerville, MA",DAYLIGHT                                          ,CLEAR                                             ,DRY                                               ,NONE                                              ,NO CONTROLS                                       ,NOT AT INTERSECTION                               ,UNKNOWN                                           ,"SIDESWIPE, SAME DIRECTION                         ",COLLISION WITH MOTOR VEHICLE IN TRAFFIC           ,ROADWAY                                           ,20 ,N,0,0,0,0,2,0,0,0,0,0,0,,,,N,42.3825,-71.1019,2,250173512042002
21058080,2021-11-04 11:41:00,Day Shift (8AM - 4PM),"400 SOMERVILLE AV Somerville, MA",DAYLIGHT                                          ,CLEAR                                             ,DRY                                               ,NONE                                              ,NO CONTROLS                                       ,NOT AT INTERSECTION                               ,"TWO-WAY, NOT DIVIDED                              ",SINGLE VEHICLE CRASH                              ,OTHER                                             ,OUTSIDE ROADWAY                                   ,00 ,N,0,0,0,1,2,0,0,1,1,0,0,NON-INTERSECTION CROSSWALK                        ,"WALKING, RUNNING OR CYCLING                       ",APPARENTLY NORMAL                                 ,N,42.3807,-71.1016,2,250173512042003
19025988,2019-05-11 19:01:00,First Half (4PM - Midnight),"400 SOMERVILLE AV Somerville, MA",DAYLIGHT                                          ,CLEAR                                             ,DRY                                               ,NONE                                              ,STOP SIGNS                                        ,T-INTERSECTION                                    ,UNKNOWN                                           ,REAR-END                                          ,COLLISION WITH MOTOR VEHICLE IN TRAFFIC           ,OUTSIDE ROADWAY                                   ,10 ,N,0,0,0,0,2,0,0,0,0,0,0,,,,N,42.3807,-71.1016,2,250173512042003
23033499,2023-06-15 18:22:00,First Half (4PM - Midnight),"444 SOMERVILLE AV Somerville, MA",DAYLIGHT                                          ,CLEAR                                             ,DRY                                               ,NONE                                              ,NO CONTROLS                                       ,NOT AT INTERSECTION                               ,"ONE-WAY, NOT DIVIDED                              ",SINGLE VEHICLE CRASH                              ,COLLISION WITH PEDALCYCLE                         ,ROADWAY                                           ,25 ,N,0,0,0,0,3,0,0,1,0,1,0,SHARED-USE PATH OR TRAILS                         ,"WALKING, RUNNING OR CYCLING                       ",APPARENTLY NORMAL                                 ,N,42.3817,-71.1028,2,250173512042003
22054272,2022-09-23 15:59:00,Day Shift (8AM - 4PM),"400 SOMERVILLE AV Somerville, MA",DAYLIGHT                                          ,CLEAR                                             ,DRY                                               ,NONE                                              ,NO CONTROLS                                       ,NOT AT INTERSECTION                               ,"TWO-WAY, NOT DIVIDED                              ",REAR TO REAR                                      ,COLLISION WITH PARKED MOTOR VEHICLE               ,OUTSIDE ROADWAY                                   ,10 ,N,0,0,0,0,1,0,0,0,0,0,0,,,,N,42.3807,-71.1016,2,250173512042003
18028575,2018-05-14 21:42:00,First Half (4PM - Midnight),"400 SOMERVILLE AV Somerville, MA",DARK - LIGHTED ROADWAY                            ,CLEAR                                             ,DRY                                               ,NONE                                              ,NO CONTROLS                                       ,T-INTERSECTION                                    ,"TWO-WAY, NOT DIVIDED                              ","SIDESWIPE, SAME DIRECTION                         ",COLLISION WITH PEDALCYCLE                         ,ROADWAY                                           ,25 ,N,0,0,1,0,1,0,0,1,0,1,0,IN ROADWAY                                        ,"WALKING, RUNNING OR CYCLING                       ",APPARENTLY NORMAL                                 ,N,42.3807,-71.1016,2,250173512042003
19031175,2019-06-04 15:16:00,Day Shift (8AM - 4PM),"28 DANE ST Somerville, MA",DAYLIGHT                                          ,CLEAR                                             ,DRY                                               ,NONE                                              ,NO CONTROLS                                       ,NOT AT INTERSECTION                               ,"TWO-WAY, NOT DIVIDED                              ",ANGLE                                             ,COLLISION WITH PEDALCYCLE                         ,ROADWAY                                           ,20 ,N,0,0,1,0,1,0,0,1,0,1,0,IN ROADWAY                                        ,"WALKING, RUNNING OR CYCLING                       ",APPARENTLY NORMAL                                 ,N,42.3812,-71.1041,2,250173512042003
19052924,2019-09-14 17:10:00,First Half (4PM - Midnight),"400 SOMERVILLE AV Somerville, MA",DAYLIGHT                                          ,CLOUDY                                            ,WET                                               ,NONE                                              ,NO CONTROLS                                       ,NOT AT INTERSECTION                               ,"TWO-WAY, NOT DIVIDED                              ",ANGLE                                             ,COLLISION WITH PEDESTRIAN                         ,ROADWAY                                           ,10 ,N,0,0,1,0,1,0,0,1,1,0,0,IN ROADWAY                                        ,ENTERING OR CROSSING SPECIFIED LOCATION           ,APPARENTLY NORMAL                                 ,N,42.3807,-71.1016,2,250173512042003
1800000053,2018-07-04 17:26:00,First Half (4PM - Midnight),"400 SOMERVILLE AV Somerville, MA",DAYLIGHT                                          ,CLEAR                                             ,DRY                                               ,NONE                                              ,NO CONTROLS                                       ,NOT AT INTERSECTION                               ,,REAR TO REAR                                      ,COLLISION WITH PARKED MOTOR VEHICLE               ,ROADWAY                                           ,,N,0,0,0,1,0,0,0,0,0,0,0,,,,N,42.3807,-71.1016,2,250173512042003
19018648,2019-04-05 12:23:00,Day Shift (8AM - 4PM),"400 SOMERVILLE AV Somerville, MA",DAYLIGHT                                          ,CLEAR                                             ,DRY                                               ,NONE                                              ,NO CONTROLS                                       ,NOT AT INTERSECTION                               ,"ONE-WAY, NOT DIVIDED                              ","SIDESWIPE, SAME DIRECTION                         ",COLLISION WITH MOTOR VEHICLE IN TRAFFIC           ,ROADWAY                                           ,10 ,N,0,0,0,0,6,0,0,0,0,0,0,,,,N,42.3807,-71.1016,2,250173512042003
19064908,2019-11-13 07:53:00,Last Half (Midnight - 8AM),"400 SOMERVILLE AV Somerville, MA",DAYLIGHT                                          ,CLEAR                                             ,DRY                                               ,NONE                                              ,NO CONTROLS                                       ,NOT AT INTERSECTION                               ,"TWO-WAY, NOT DIVIDED                              ",ANGLE                                             ,COLLISION WITH MOTOR VEHICLE IN TRAFFIC           ,ROADWAY                                           ,25 ,N,0,0,0,0,3,0,0,0,0,0,0,,,,N,42.3807,-71.1016,2,250173512042003
22010448,2022-02-28 19:38:00,First Half (4PM - Midnight),"400 SOMERVILLE AV Somerville, MA",DARK - LIGHTED ROADWAY                            ,CLEAR                                             ,DRY                                               ,NONE                                              ,NO CONTROLS                                       ,NOT AT INTERSECTION                               ,"TWO-WAY, NOT DIVIDED                              ",SINGLE VEHICLE CRASH                              ,COLLISION WITH PEDALCYCLE                         ,UNKNOWN                                           ,25 ,N,0,0,0,1,1,0,0,1,0,1,0,IN ROADWAY                                        ,"WALKING, RUNNING OR CYCLING                       ",APPARENTLY NORMAL                                 ,N,42.3807,-71.1016,2,250173512042003
23051833,2023-09-09 19:46:00,First Half (4PM - Midnight),"400 SOMERVILLE AV Somerville, MA",DARK - LIGHTED ROADWAY                            ,CLEAR                                             ,DRY                                               ,NONE                                              ,NO CONTROLS                                       ,NOT AT INTERSECTION                               ,"TWO-WAY, NOT DIVIDED                              ",HEAD ON                                           ,COLLISION WITH PARKED MOTOR VEHICLE               ,OUTSIDE ROADWAY                                   ,20 ,N,0,0,0,0,5,0,0,0,0,0,0,,,,N,42.3807,-71.1016,2,250173512042003
22047204,2022-08-23 11:35:00,Day Shift (8AM - 4PM),"28 DANE ST Somerville, MA",DAYLIGHT                                          ,CLOUDY                                            ,DRY                                               ,NONE                                              ,NO CONTROLS                                       ,NOT AT INTERSECTION                               ,"TWO-WAY, NOT DIVIDED                              ",ANGLE                                             ,COLLISION WITH PEDALCYCLE                         ,OUTSIDE ROADWAY                                   ,25 ,N,0,0,1,0,3,0,0,1,0,1,0,NOT IN ROADWAY                                    ,"WALKING, RUNNING OR CYCLING                       ",APPARENTLY NORMAL                                 ,N,42.3812,-71.1041,2,250173512042003
20034187,2020-07-10 22:58:00,First Half (4PM - Midnight),"460 SOMERVILLE AV Somerville, MA",DARK - LIGHTED ROADWAY                            ,RAIN                                              ,WET                                               ,NONE                                              ,TRAFFIC CONTROL SIGNAL                            ,FOUR WAY INTERSECTION                             ,"TWO-WAY, NOT DIVIDED                              ",HEAD ON                                           ,COLLISION WITH PEDALCYCLE                         ,ROADWAY                                           ,25 ,N,0,0,1,0,2,0,0,1,0,1,0,IN ROADWAY                                        ,"WALKING, RUNNING OR CYCLING                       ",APPARENTLY NORMAL                                 ,N,42.3819,-71.1033,2,250173512042003
21018366,2021-04-12 19:28:00,First Half (4PM - Midnight),"400 SOMERVILLE AV Somerville, MA",DARK - LIGHTED ROADWAY                            ,CLEAR                                             ,DRY                                               ,OTHER                                             ,NO CONTROLS                                       ,T-INTERSECTION                                    ,"TWO-WAY, DIVIDED, UNPROTECTED MEDIAN              ",ANGLE                                             ,OTHER                                             ,ROADWAY                                           ,25 ,N,0,0,1,0,3,0,0,1,0,0,1,SHARED-USE PATH OR TRAILS                         ,"WALKING, RUNNING OR CYCLING                       ",APPARENTLY NORMAL                                 ,N,42.3807,-71.1016,2,250173512042003
18049635,2018-08-20 18:01:00,First Half (4PM - Midnight),"HAWKINS ST & WASHINGTON ST Somerville, MA",DAYLIGHT                                          ,CLEAR                                             ,DRY                                               ,OTHER                                             ,,NOT AT INTERSECTION                               ,"TWO-WAY, DIVIDED, UNPROTECTED MEDIAN              ",REAR TO REAR                                      ,COLLISION WITH MOTOR VEHICLE IN TRAFFIC           ,ROADWAY                                           ,,N,0,0,0,0,0,0,0,0,0,0,0,,,,N,42.3795,-71.098,2,250173512042003
20062084,2020-12-24 16:11:00,First Half (4PM - Midnight),"12 LAKE ST Somerville, MA",DUSK                                              ,RAIN                                              ,SNOW                                              ,NONE                                              ,NO CONTROLS                                       ,DRIVEWAY                                          ,"TWO-WAY, NOT DIVIDED                              ",HEAD ON                                           ,COLLISION WITH MOTOR VEHICLE IN TRAFFIC           ,ROADWAY                                           ,15 ,N,0,0,2,0,0,0,0,0,0,0,0,,,,N,42.38,-71.0989,2,250173512042003
19065223,2019-11-14 17:50:00,First Half (4PM - Midnight),"400 SOMERVILLE AV Somerville, MA",DARK - LIGHTED ROADWAY                            ,CLEAR                                             ,DRY                                               ,UNKNOWN                                           ,NO CONTROLS                                       ,NOT AT INTERSECTION                               ,"TWO-WAY, DIVIDED, UNPROTECTED MEDIAN              ","SIDESWIPE, SAME DIRECTION                         ",COLLISION WITH PEDALCYCLE                         ,ROADWAY                                           ,25 ,N,0,0,0,0,1,1,0,1,0,1,0,IN ROADWAY                                        ,"WALKING, RUNNING OR CYCLING                       ",UNKNOWN                                           ,N,42.3807,-71.1016,2,250173512042003
18050227,2018-08-23 08:51:00,Day Shift (8AM - 4PM),"400 SOMERVILLE AV Somerville, MA",DAYLIGHT                                          ,CLEAR                                             ,DRY                                               ,NONE                                              ,NO CONTROLS                                       ,NOT AT INTERSECTION                               ,"TWO-WAY, NOT DIVIDED                              ",HEAD ON                                           ,COLLISION WITH PEDESTRIAN                         ,ROADWAY                                           ,25 ,N,0,0,1,0,1,0,0,1,0,1,0,IN ROADWAY                                        ,"WALKING, RUNNING OR CYCLING                       ",APPARENTLY NORMAL                                 ,N,42.3807,-71.1016,2,250173512042003
18072575,2018-12-09 16:16:00,First Half (4PM - Midnight),"400 SOMERVILLE AV Somerville, MA",DUSK                                              ,CLEAR                                             ,DRY                                               ,NONE                                              ,NO CONTROLS                                       ,UNKNOWN                                           ,"TWO-WAY, NOT DIVIDED                              ",UNKNOWN                                           ,COLLISION WITH MOTOR VEHICLE IN TRAFFIC           ,OUTSIDE ROADWAY                                   ,N/A,N,0,0,0,1,1,0,0,0,0,0,0,,,,N,42.3807,-71.1016,2,250173512042003
19038390,2019-07-07 10:50:00,Day Shift (8AM - 4PM),"400 SOMERVILLE AV Somerville, MA",DAYLIGHT                                          ,CLEAR                                             ,DRY                                               ,NONE                                              ,NO CONTROLS                                       ,NOT AT INTERSECTION                               ,"TWO-WAY, NOT DIVIDED                              ","SIDESWIPE, SAME DIRECTION                         ",COLLISION WITH MOPED                              ,ROADWAY                                           ,25 ,N,0,0,1,0,2,0,0,0,0,0,0,,,,N,42.3807,-71.1016,2,250173512042003
18043728,2018-07-23 09:42:00,Day Shift (8AM - 4PM),"400 SOMERVILLE AV Somerville, MA",DAYLIGHT                                          ,CLOUDY                                            ,WET                                               ,NONE                                              ,NO CONTROLS                                       ,NOT AT INTERSECTION                               ,"TWO-WAY, NOT DIVIDED                              ",ANGLE                                             ,,ROADWAY                                           ,25 ,N,0,0,0,0,2,0,0,0,0,0,0,,,,N,42.3807,-71.1016,2,250173512042003
20061035,2020-12-18 11:18:00,Day Shift (8AM - 4PM),"400 SOMERVILLE AV Somerville, MA",DAYLIGHT                                          ,CLOUDY                                            ,SLUSH                                             ,NONE                                              ,NO CONTROLS                                       ,NOT AT INTERSECTION                               ,"TWO-WAY, NOT DIVIDED                              ",ANGLE                                             ,COLLISION WITH MOTOR VEHICLE IN TRAFFIC           ,ROADSIDE                                          ,25 ,N,0,0,0,0,3,0,0,0,0,0,0,,,,N,42.3807,-71.1016,2,250173512042003
23028812,2023-05-25 08:06:00,Day Shift (8AM - 4PM),"CARLTON ST & SOMERVILLE AVE Somerville, MA",DAYLIGHT                                          ,CLEAR                                             ,DRY                                               ,UNKNOWN                                           ,NO CONTROLS                                       ,T-INTERSECTION                                    ,"TWO-WAY, DIVIDED, POSITIVE MEDIAN BARRIER         ",SINGLE VEHICLE CRASH                              ,COLLISION WITH PEDALCYCLE                         ,ROADWAY                                           ,25 ,N,0,0,0,1,1,0,0,1,0,1,0,SHARED-USE PATH OR TRAILS                         ,"WALKING, RUNNING OR CYCLING                       ",APPARENTLY NORMAL                                 ,N,42.3813,-71.0998,2,250173512042004
19002679,2019-01-16 00:32:00,Last Half (Midnight - 8AM),"9 CARLTON ST Somerville, MA",DARK - LIGHTED ROADWAY                            ,CLEAR                                             ,DRY                                               ,NONE                                              ,NO CONTROLS                                       ,NOT AT INTERSECTION                               ,"TWO-WAY, NOT DIVIDED                              ","SIDESWIPE, SAME DIRECTION                         ",COLLISION WITH PEDESTRIAN                         ,ROADWAY                                           ,25 ,N,0,1,0,0,3,0,0,1,1,0,0,IN ROADWAY                                        ,"WALKING, RUNNING OR CYCLING                       ",APPARENTLY NORMAL                                 ,Y,42.381,-71.1002,2,250173512042004
24002760,2024-01-16 11:16:00,Day Shift (8AM - 4PM),"41 LAKE ST Somerville, MA",DAYLIGHT                                          ,SNOW                                              ,SNOW                                              ,NONE                                              ,NO CONTROLS                                       ,NOT AT INTERSECTION                               ,"TWO-WAY, NOT DIVIDED                              ","SIDESWIPE, SAME DIRECTION                         ",COLLISION WITH PARKED MOTOR VEHICLE               ,ROADSIDE                                          ,25 ,N,0,0,0,0,3,0,0,0,0,0,0,,,,N,42.3806,-71.1007,2,250173512042004
19061077,2019-10-24 10:04:00,Day Shift (8AM - 4PM),"401 SOMERVILLE AV Somerville, MA",DAYLIGHT                                          ,CLEAR                                             ,DRY                                               ,NONE                                              ,NO CONTROLS                                       ,NOT AT INTERSECTION                               ,"TWO-WAY, NOT DIVIDED                              ","SIDESWIPE, SAME DIRECTION                         ",COLLISION WITH MOTOR VEHICLE IN TRAFFIC           ,ROADWAY                                           ,25 ,N,0,0,0,1,1,0,0,0,0,0,0,,,,N,42.3818,-71.1009,3,250173512042005
20045186,2020-09-21 09:26:00,Day Shift (8AM - 4PM),"21 QUINCY ST Somerville, MA",DAYLIGHT                                          ,CLEAR                                             ,DRY                                               ,NONE                                              ,NO CONTROLS                                       ,NOT AT INTERSECTION                               ,"ONE-WAY, NOT DIVIDED                              ",REAR-END                                          ,COLLISION WITH PARKED MOTOR VEHICLE               ,ROADWAY                                           ,20 ,N,0,0,0,0,2,1,0,0,0,0,0,,,,N,42.3826,-71.1005,3,250173512042005
20054136,2020-11-07 16:03:00,First Half (4PM - Midnight),"27 QUINCY ST Somerville, MA",DAYLIGHT                                          ,CLEAR                                             ,DRY                                               ,NONE                                              ,NO CONTROLS                                       ,NOT AT INTERSECTION                               ,"ONE-WAY, NOT DIVIDED                              ",SINGLE VEHICLE CRASH                              ,COLLISION WITH PEDESTRIAN                         ,UNKNOWN                                           ,25 ,N,0,0,1,0,2,0,0,1,1,0,0,IN ROADWAY                                        ,STANDING                                          ,APPARENTLY NORMAL                                 ,N,42.3829,-71.1002,3,250173512042005