Crash Number,Date and Time of Crash,Police Shift,Crash Location,Light Conditions,Weather Conditions,Road Surface,Road Contributing Circumstances,Traffic Control Device Type,Roadway Intersection Type,Trafficway Description,Manner of Collision,First Harmful Event,First Harmful Event Location,Speed Limit,Work Zone,Count Fatal Injury ,Count Suspected Serious Injury,Count Suspected Minor Injury ,Count Possible Injury,Count No Apparent Injury,Count Unknown Injury,Count Not Reported Injury,Total Non-Motorists,Pedestrian Involvement (Non-Motorist),Cyclist Involvement (Non-Motorist),Other Non-Motorist Involvement,Non-Motorist Location ,Non-Motorist Action,Non-Motorist Condition,Hit and Run Flag,Latitude,Longitude,Ward,Block Code 
23038006,2023-07-07 14:32:00,Day Shift (8AM - 4PM),"46 BROADWAY Somerville, MA",DAYLIGHT                                          ,CLEAR                                             ,DRY                                               ,NONE                                              ,NO CONTROLS                                       ,NOT AT INTERSECTION                               ,"TWO-WAY, DIVIDED, POSITIVE MEDIAN BARRIER         ","SIDESWIPE, SAME DIRECTION                         ",COLLISION WITH PARKED MOTOR VEHICLE               ,ROADWAY                                           ,25 ,N,0,0,0,0,4,0,0,0,0,0,0,,,,N,42.3864,-71.08,1,250173514031003
19063647,2019-11-06 11:57:00,Day Shift (8AM - 4PM),"50 BROADWAY Somerville, MA",DAYLIGHT                                          ,CLEAR                                             ,DRY                                               ,NONE                                              ,NO CONTROLS                                       ,NOT AT INTERSECTION                               ,"TWO-WAY, DIVIDED, POSITIVE MEDIAN BARRIER         ",REAR-END                                          ,COLLISION WITH MOTOR VEHICLE IN TRAFFIC           ,ROADWAY                                           ,20 ,N,0,0,0,0,4,0,0,0,0,0,0,,,,N,42.3862,-71.0802,1,250173514031003
20049632,2020-10-13 22:53:00,First Half (4PM - Midnight),"48 BROADWAY Somerville, MA",DARK - LIGHTED ROADWAY                            ,CLEAR                                             ,WET                                               ,NONE                                              ,NO CONTROLS                                       ,NOT AT INTERSECTION                               ,"TWO-WAY, DIVIDED, POSITIVE MEDIAN BARRIER         ","SIDESWIPE, SAME DIRECTION                         ",COLLISION WITH PARKED MOTOR VEHICLE               ,ROADSIDE                                          ,25 ,N,0,0,0,0,3,0,0,0,0,0,0,,,,N,42.3864,-71.08,1,250173514031003
18052787,2018-09-04 08:06:00,Day Shift (8AM - 4PM),"52 BROADWAY Somerville, MA",DAYLIGHT                                          ,CLEAR                                             ,DRY                                               ,NONE                                              ,NO CONTROLS                                       ,NOT AT INTERSECTION                               ,"TWO-WAY, DIVIDED, POSITIVE MEDIAN BARRIER         ",REAR-END                                          ,COLLISION WITH MOTOR VEHICLE IN TRAFFIC           ,ROADWAY                                           ,25 ,N,0,0,0,0,2,0,0,0,0,0,0,,,,N,42.3863,-71.0803,1,250173514031003
19046409,2019-08-14 11:51:00,Day Shift (8AM - 4PM),"26 LINCOLN ST Somerville, MA",DAYLIGHT                                          ,CLOUDY                                            ,DRY                                               ,NONE                                              ,NO CONTROLS                                       ,NOT AT INTERSECTION                               ,"ONE-WAY, NOT DIVIDED                              ","SIDESWIPE, SAME DIRECTION                         ",COLLISION WITH PARKED MOTOR VEHICLE               ,ROADWAY                                           ,20 ,N,0,0,0,0,4,0,0,0,0,0,0,,,,N,42.3856,-71.0811,1,250173514031004
20036239,2020-07-24 19:48:00,First Half (4PM - Midnight),"93 PERKINS ST Somerville, MA",DUSK                                              ,CLEAR                                             ,DRY                                               ,NONE                                              ,NO CONTROLS                                       ,NOT AT INTERSECTION                               ,"TWO-WAY, NOT DIVIDED                              ",REAR-END                                          ,COLLISION WITH PARKED MOTOR VEHICLE               ,ROADSIDE                                          ,20 ,N,0,0,0,0,3,0,0,0,0,0,0,,,,N,42.385,-71.0803,1,250173514031004
19060595,2019-10-21 20:52:00,First Half (4PM - Midnight),"14 LINCOLN AV Somerville, MA",DARK - LIGHTED ROADWAY                            ,CLEAR                                             ,DRY                                               ,NONE                                              ,NO CONTROLS                                       ,NOT AT INTERSECTION                               ,"ONE-WAY, NOT DIVIDED                              ",ANGLE                                             ,COLLISION WITH PARKED MOTOR VEHICLE               ,ROADWAY                                           ,20 ,N,0,0,0,0,3,0,0,0,0,0,0,,,,N,42.3855,-71.0802,1,250173514031004
22003826,2022-01-25 00:48:00,Last Half (Midnight - 8AM),"20 LINCOLN AVENUE Somerville, MA",DARK - LIGHTED ROADWAY                            ,SNOW                                              ,SNOW                                              ,ROAD SURFACE CONDITION                            ,STOP SIGNS                                        ,T-INTERSECTION                                    ,"TWO-WAY, NOT DIVIDED                              ",SINGLE VEHICLE CRASH                              ,COLLISION WITH LIGHT POLE OR OTHER POST/SUPPORT   ,ROADWAY                                           ,25 ,N,0,0,0,0,1,0,0,0,0,0,0,,,,N,42.3856,-71.0804,1,250173514031004
23039194,2023-07-13 17:03:00,First Half (4PM - Midnight),"15 FRANKLIN ST Somerville, MA",DAYLIGHT                                          ,CLEAR                                             ,DRY                                               ,NONE                                              ,NO CONTROLS                                       ,NOT AT INTERSECTION                               ,"ONE-WAY, NOT DIVIDED                              ",HEAD ON                                           ,COLLISION WITH PEDALCYCLE                         ,ROADWAY                                           ,20 ,N,0,1,0,0,2,0,0,1,0,1,0,IN ROADWAY                                        ,"WALKING, RUNNING OR CYCLING                       ",APPARENTLY NORMAL                                 ,N,42.3863,-71.0832,1,250173514032000
19020118,2019-04-12 23:12:00,First Half (4PM - Midnight),"21 FRANKLIN ST Somerville, MA",DARK - LIGHTED ROADWAY                            ,RAIN                                              ,WET                                               ,NONE                                              ,NO CONTROLS                                       ,T-INTERSECTION                                    ,"ONE-WAY, NOT DIVIDED                              ",SINGLE VEHICLE CRASH                              ,COLLISION WITH LIGHT POLE OR OTHER POST/SUPPORT   ,ROADSIDE                                          ,20 ,N,0,0,0,1,0,0,0,0,0,0,0,,,,N,42.3858,-71.0836,1,250173514032000
23042048,2023-07-26 07:05:00,Last Half (Midnight - 8AM),"1 WEBSTER ST Somerville, MA",DAYLIGHT                                          ,CLEAR                                             ,DRY                                               ,OTHER                                             ,STOP SIGNS                                        ,T-INTERSECTION                                    ,"TWO-WAY, NOT DIVIDED                              ","SIDESWIPE, SAME DIRECTION                         ",COLLISION WITH PARKED MOTOR VEHICLE               ,ROADWAY                                           ,20 ,N,0,0,0,0,3,0,0,0,0,0,0,,,,N,42.3855,-71.0838,1,250173514032000
20053458,2020-11-03 20:20:00,First Half (4PM - Midnight),"5 WEBSTER ST Somerville, MA",DARK - LIGHTED ROADWAY                            ,CLEAR                                             ,DRY                                               ,TRAFFIC CONGESTION RELATED                        ,NO CONTROLS                                       ,NOT AT INTERSECTION                               ,"TWO-WAY, NOT DIVIDED                              ","SIDESWIPE, SAME DIRECTION                         ",COLLISION WITH PARKED MOTOR VEHICLE               ,ROADSIDE                                          ,25 ,N,0,0,0,0,3,0,0,0,0,0,0,,,,N,42.3856,-71.0839,1,250173514032000
21048799,2021-09-17 09:18:00,Day Shift (8AM - 4PM),"114 BROADWAY Somerville, MA",DAYLIGHT                                          ,CLOUDY                                            ,DRY                                               ,NONE                                              ,STOP SIGNS                                        ,FOUR WAY INTERSECTION                             ,"TWO-WAY, DIVIDED, UNPROTECTED MEDIAN              ",SINGLE VEHICLE CRASH                              ,COLLISION WITH PEDESTRIAN                         ,ROADWAY                                           ,25 ,N,0,0,1,0,2,0,0,1,1,0,0,MARKED CROSSWALK AT INTERSECTION                  ,ENTERING OR CROSSING SPECIFIED LOCATION           ,PHYSICAL IMPAIRMENT                               ,N,42.3876,-71.084,1,250173514032001
20018241,2020-04-06 13:44:00,Day Shift (8AM - 4PM),"14 GLEN ST Somerville, MA",DAYLIGHT                                          ,CLEAR                                             ,DRY                                               ,NONE                                              ,NO CONTROLS                                       ,NOT AT INTERSECTION                               ,"ONE-WAY, NOT DIVIDED                              ","SIDESWIPE, SAME DIRECTION                         ",COLLISION WITH PARKED MOTOR VEHICLE               ,ROADWAY                                           ,25 ,N,0,0,0,0,2,0,0,0,0,0,0,,,,N,42.3872,-71.0842,1,250173514032001
20045576,2020-09-23 14:21:00,Day Shift (8AM - 4PM),"118 BROADWAY Somerville, MA",DAYLIGHT                                          ,CLEAR                                             ,DRY                                               ,NONE                                              ,NO CONTROLS                                       ,NOT AT INTERSECTION                               ,"TWO-WAY, NOT DIVIDED                              ",HEAD ON                                           ,OTHER                                             ,OUTSIDE ROADWAY                                   ,25 ,N,0,0,0,0,1,0,0,0,0,0,0,,,,N,42.3876,-71.0842,1,250173514032001
21022128,2021-05-03 19:35:00,First Half (4PM - Midnight),"114 BROADWAY Somerville, MA",DUSK                                              ,CLEAR                                             ,DRY                                               ,OBSTRUCTION IN ROADWAY                            ,NO CONTROLS                                       ,NOT AT INTERSECTION                               ,"TWO-WAY, DIVIDED, POSITIVE MEDIAN BARRIER         ","SIDESWIPE, SAME DIRECTION                         ",OTHER                                             ,ROADSIDE                                          ,25 ,N,0,0,0,0,2,0,0,0,0,0,0,,,,N,42.3876,-71.084,1,250173514032001
23027187,2023-05-17 15:47:00,Day Shift (8AM - 4PM),"9 BROOK ST Somerville, MA",DAYLIGHT                                          ,CLEAR                                             ,DRY                                               ,NONE                                              ,NO CONTROLS                                       ,NOT AT INTERSECTION                               ,"TWO-WAY, NOT DIVIDED                              ",ANGLE                                             ,COLLISION WITH MOTOR VEHICLE IN TRAFFIC           ,ROADWAY                                           ,25 ,N,0,0,0,0,3,0,0,0,0,0,0,,,,N,42.3872,-71.0854,1,250173514032002
20025566,2020-05-19 10:20:00,Day Shift (8AM - 4PM),"128 BROADWAY Somerville, MA",DAYLIGHT                                          ,CLEAR                                             ,DRY                                               ,NONE                                              ,NO CONTROLS                                       ,NOT AT INTERSECTION                               ,"TWO-WAY, DIVIDED, POSITIVE MEDIAN BARRIER         ","SIDESWIPE, SAME DIRECTION                         ",COLLISION WITH PARKED MOTOR VEHICLE               ,ROADSIDE                                          ,25 ,N,0,0,0,0,3,0,0,0,0,0,0,,,,N,42.3877,-71.0846,1,250173514032002
22011554,2022-03-05 22:08:00,First Half (4PM - Midnight),"146 BROADWAY Somerville, MA",DARK - LIGHTED ROADWAY                            ,CLEAR                                             ,SNOW                                              ,UNKNOWN                                           ,STOP SIGNS                                        ,T-INTERSECTION                                    ,"ONE-WAY, NOT DIVIDED                              ",SINGLE VEHICLE CRASH                              ,COLLISION WITH LIGHT POLE OR OTHER POST/SUPPORT   ,OUTSIDE ROADWAY                                   ,25 ,N,0,0,0,0,2,0,0,0,0,0,0,,,,N,42.3881,-71.085,1,250173514032002
23057246,2023-10-06 07:01:00,Last Half (Midnight - 8AM),"BROOK ST & RUSH ST Somerville, MA",DAYLIGHT                                          ,CLOUDY                                            ,DRY                                               ,NONE                                              ,STOP SIGNS                                        ,FOUR WAY INTERSECTION                             ,"TWO-WAY, NOT DIVIDED                              ",ANGLE                                             ,COLLISION WITH MOTOR VEHICLE IN TRAFFIC           ,ROADWAY                                           ,25 ,N,0,0,0,0,4,0,0,0,0,0,0,,,,N,42.3871,-71.0858,1,250173514032004
23003978,2023-01-23 16:52:00,First Half (4PM - Midnight),"60 CROSS Somerville, MA",DARK - LIGHTED ROADWAY                            ,SNOW                                              ,SNOW                                              ,ROAD SURFACE CONDITION                            ,NO CONTROLS                                       ,NOT AT INTERSECTION                               ,"TWO-WAY, NOT DIVIDED                              ",SINGLE VEHICLE CRASH                              ,COLLISION WITH TREE                               ,OUTSIDE ROADWAY                                   ,20 ,N,0,0,0,0,1,0,0,0,0,0,0,,,,N,42.3864,-71.0873,1,250173514032005
19057971,2019-10-08 23:46:00,First Half (4PM - Midnight),"PEARL ST & RUSH ST Somerville, MA",DARK - LIGHTED ROADWAY                            ,CLEAR                                             ,DRY                                               ,NONE                                              ,STOP SIGNS                                        ,T-INTERSECTION                                    ,"TWO-WAY, NOT DIVIDED                              ","SIDESWIPE, OPPOSITE DIRECTION                     ",COLLISION WITH MOTOR VEHICLE IN TRAFFIC           ,ROADWAY                                           ,25 ,N,0,0,0,0,3,0,0,0,0,0,0,,,,N,42.3854,-71.087,1,250173514032005
24022881,2024-04-23 08:24:00,Day Shift (8AM - 4PM),"CROSS STREET & OTIS STREET Somerville, MA",DAYLIGHT                                          ,CLEAR                                             ,DRY                                               ,NONE                                              ,NO CONTROLS                                       ,FOUR WAY INTERSECTION                             ,"TWO-WAY, NOT DIVIDED                              ","SIDESWIPE, SAME DIRECTION                         ",COLLISION WITH MOTOR VEHICLE IN TRAFFIC           ,ROADWAY                                           ,20 ,N,0,0,0,0,2,0,0,0,0,0,0,,,,N,42.387,-71.087,1,250173514032005
22003257,2022-01-21 14:41:00,Day Shift (8AM - 4PM),"PEARL ST & RUSH ST Somerville, MA",DAYLIGHT                                          ,CLEAR                                             ,DRY                                               ,NONE                                              ,NO CONTROLS                                       ,T-INTERSECTION                                    ,"TWO-WAY, NOT DIVIDED                              ",SINGLE VEHICLE CRASH                              ,COLLISION WITH PEDESTRIAN                         ,ROADWAY                                           ,25 ,N,0,0,1,0,1,0,0,1,1,0,0,IN ROADWAY                                        ,"WALKING, RUNNING OR CYCLING                       ",APPARENTLY NORMAL                                 ,N,42.3854,-71.087,1,250173514032005
21006781,2021-02-06 01:12:00,Last Half (Midnight - 8AM),"35 FRANKLIN ST Somerville, MA",DARK - LIGHTED ROADWAY                            ,CLEAR                                             ,ICE                                               ,NONE                                              ,NO CONTROLS                                       ,NOT AT INTERSECTION                               ,"ONE-WAY, NOT DIVIDED                              ",REAR-END                                          ,COLLISION WITH PARKED MOTOR VEHICLE               ,ROADWAY                                           ,20 ,N,0,0,0,0,4,0,0,0,0,0,0,,,,Y,42.3849,-71.0843,1,250173514032006
21022234,2021-05-04 11:33:00,Day Shift (8AM - 4PM),"GLEN ST & PEARL ST Somerville, MA",DAYLIGHT                                          ,RAIN                                              ,WET                                               ,NONE                                              ,STOP SIGNS                                        ,FOUR WAY INTERSECTION                             ,"TWO-WAY, NOT DIVIDED                              ",REAR-END                                          ,COLLISION WITH MOTOR VEHICLE IN TRAFFIC           ,ROADWAY                                           ,25 ,N,0,0,0,0,3,0,0,0,0,0,0,,,,N,42.3851,-71.0861,1,250173514032006
19068016,2019-11-30 01:21:00,Last Half (Midnight - 8AM),"GLEN ST & PEARL ST Somerville, MA",DARK - LIGHTED ROADWAY                            ,CLEAR                                             ,DRY                                               ,NONE                                              ,STOP SIGNS                                        ,FOUR WAY INTERSECTION                             ,"TWO-WAY, DIVIDED, UNPROTECTED MEDIAN              ","SIDESWIPE, OPPOSITE DIRECTION                     ",COLLISION WITH PARKED MOTOR VEHICLE               ,ROADWAY                                           ,25 ,N,0,0,0,0,2,0,0,0,0,0,0,,,,N,42.3851,-71.0861,1,250173514032006
22007567,2022-02-14 17:00:00,First Half (4PM - Midnight),"68 GLEN ST Somerville, MA",DAYLIGHT                                          ,CLEAR                                             ,DRY                                               ,NONE                                              ,NO CONTROLS                                       ,NOT AT INTERSECTION                               ,"ONE-WAY, NOT DIVIDED                              ","SIDESWIPE, SAME DIRECTION                         ",COLLISION WITH PARKED MOTOR VEHICLE               ,ROADWAY                                           ,25 ,N,0,0,0,0,1,0,0,0,0,0,0,,,,N,42.3855,-71.0856,1,250173514032006
18057084,2018-09-24 11:14:00,Day Shift (8AM - 4PM),"24 WEBSTER ST Somerville, MA",DAYLIGHT                                          ,CLEAR                                             ,DRY                                               ,TRAFFIC CONGESTION RELATED                        ,NO CONTROLS                                       ,T-INTERSECTION                                    ,"TWO-WAY, NOT DIVIDED                              ","SIDESWIPE, SAME DIRECTION                         ",COLLISION WITH PARKED MOTOR VEHICLE               ,ROADWAY                                           ,20 ,N,0,0,0,0,3,0,0,0,0,0,0,,,,N,42.3857,-71.0855,1,250173514032006
21061321,2021-11-24 01:02:00,Last Half (Midnight - 8AM),"77 PEARL ST Somerville, MA",DARK - LIGHTED ROADWAY                            ,CLEAR                                             ,DRY                                               ,UNKNOWN                                           ,NO CONTROLS                                       ,NOT AT INTERSECTION                               ,"TWO-WAY, NOT DIVIDED                              ",UNKNOWN                                           ,COLLISION WITH PARKED MOTOR VEHICLE               ,ROADWAY                                           ,25 ,N,0,0,0,1,4,0,0,0,0,0,0,,,,N,42.3849,-71.0846,1,250173514032006
22015870,2022-03-25 15:45:00,Day Shift (8AM - 4PM),"74 BROADWAY Somerville, MA",DAYLIGHT                                          ,CLEAR                                             ,DRY                                               ,NONE                                              ,NO CONTROLS                                       ,NOT AT INTERSECTION                               ,"TWO-WAY, DIVIDED, POSITIVE MEDIAN BARRIER         ",SINGLE VEHICLE CRASH                              ,COLLISION WITH PEDESTRIAN                         ,UNKNOWN                                           ,25 ,N,0,0,1,0,3,0,0,1,1,0,0,SIDEWALK                                          ,STANDING                                          ,OTHER                                             ,N,42.3868,-71.0817,1,250173514033000
23045098,2023-08-09 19:06:00,First Half (4PM - Midnight),"76 BROADWAY Somerville, MA",DAYLIGHT                                          ,CLEAR                                             ,DRY                                               ,NONE                                              ,UNKNOWN                                           ,NOT AT INTERSECTION                               ,"TWO-WAY, DIVIDED, UNPROTECTED MEDIAN              ","SIDESWIPE, SAME DIRECTION                         ",COLLISION WITH PARKED MOTOR VEHICLE               ,SHOULDER - PAVED                                  ,35 ,N,0,0,0,0,4,0,0,0,0,0,0,,,,N,42.3868,-71.0817,1,250173514033000
22002511,2022-01-17 14:46:00,Day Shift (8AM - 4PM),"1 HATHORN ST Somerville, MA",DAYLIGHT                                          ,CLEAR                                             ,DRY                                               ,NONE                                              ,NO CONTROLS                                       ,NOT AT INTERSECTION                               ,"ONE-WAY, NOT DIVIDED                              ","SIDESWIPE, SAME DIRECTION                         ",COLLISION WITH MOTOR VEHICLE IN TRAFFIC           ,OUTSIDE ROADWAY                                   ,20 ,N,0,0,0,0,6,0,0,0,0,0,0,,,,N,42.387,-71.0818,1,250173514033001
23037981,2023-07-07 13:02:00,Day Shift (8AM - 4PM),"6 FRANKLIN ST Somerville, MA",DAYLIGHT                                          ,CLEAR                                             ,DRY                                               ,NONE                                              ,FLASHING TRAFIC CONTROL SIGNAL                    ,NOT AT INTERSECTION                               ,"ONE-WAY, NOT DIVIDED                              ",SINGLE VEHICLE CRASH                              ,COLLISION WITH PEDESTRIAN                         ,ROADWAY                                           ,20 ,N,0,0,0,1,2,0,0,2,2,0,0,IN ROADWAY                                        ,ENTERING OR CROSSING SPECIFIED LOCATION           ,APPARENTLY NORMAL                                 ,N,42.3867,-71.0824,1,250173514033001
18073850,2018-12-15 20:46:00,First Half (4PM - Midnight),"82 BROADWAY Somerville, MA",DARK - LIGHTED ROADWAY                            ,CLEAR                                             ,DRY                                               ,NONE                                              ,NO CONTROLS                                       ,NOT AT INTERSECTION                               ,"TWO-WAY, DIVIDED, POSITIVE MEDIAN BARRIER         ",HEAD ON                                           ,COLLISION WITH PEDESTRIAN                         ,ROADWAY                                           ,30 ,N,0,0,0,1,3,0,0,1,1,0,0,IN ROADWAY                                        ,ENTERING OR CROSSING SPECIFIED LOCATION           ,UNDER THE INFLUENCE OF MEDICATIONS/DRUGS/ALCOHOL  ,N,42.3869,-71.0821,1,250173514033001
19005839,2019-02-01 12:49:00,Day Shift (8AM - 4PM),"143 PERKINS ST Somerville, MA",DAYLIGHT                                          ,CLEAR                                             ,DRY                                               ,NONE                                              ,NO CONTROLS                                       ,NOT AT INTERSECTION                               ,"ONE-WAY, NOT DIVIDED                              ","SIDESWIPE, SAME DIRECTION                         ",COLLISION WITH PARKED MOTOR VEHICLE               ,ROADWAY                                           ,25 ,N,0,0,0,0,4,0,0,0,0,0,0,,,,N,42.3857,-71.0826,1,250173514033002
22014771,2022-03-20 19:40:00,First Half (4PM - Midnight),"FLORENCE ST & PERKINS ST Somerville, MA",DARK - LIGHTED ROADWAY                            ,CLEAR                                             ,DRY                                               ,NONE                                              ,STOP SIGNS                                        ,T-INTERSECTION                                    ,"TWO-WAY, NOT DIVIDED                              ",ANGLE                                             ,COLLISION WITH MOTOR VEHICLE IN TRAFFIC           ,OUTSIDE ROADWAY                                   ,20 ,N,0,0,0,0,3,0,0,0,0,0,0,,,,N,42.3853,-71.0819,1,250173514033002
18034913,2018-06-11 22:59:00,First Half (4PM - Midnight),"FLORENCE ST & PERKINS ST Somerville, MA",DARK - LIGHTED ROADWAY                            ,CLEAR                                             ,DRY                                               ,,NO CONTROLS                                       ,,,,,,,,0,0,0,0,1,0,0,0,0,0,0,,,,N,42.3853,-71.0819,1,250173514033002
23037786,2023-07-06 14:26:00,Day Shift (8AM - 4PM),"FRANKLIN ST & PEARL ST Somerville, MA",DAYLIGHT                                          ,CLEAR                                             ,DRY                                               ,NONE                                              ,NO CONTROLS                                       ,FOUR WAY INTERSECTION                             ,"TWO-WAY, DIVIDED, UNPROTECTED MEDIAN              ",SINGLE VEHICLE CRASH                              ,COLLISION WITH PEDALCYCLE                         ,ROADWAY                                           ,20 ,Y,0,1,0,0,2,0,0,1,0,0,1,IN ROADWAY                                        ,"WALKING, RUNNING OR CYCLING                       ",APPARENTLY NORMAL                                 ,N,42.3846,-71.0842,1,250173514033003
23065693,2023-11-12 19:14:00,First Half (4PM - Midnight),"FRANKLIN ST & PEARL ST Somerville, MA",DARK - LIGHTED ROADWAY                            ,CLEAR                                             ,DRY                                               ,NONE                                              ,NO CONTROLS                                       ,T-INTERSECTION                                    ,"ONE-WAY, NOT DIVIDED                              ",HEAD ON                                           ,COLLISION WITH MOTOR VEHICLE IN TRAFFIC           ,ROADWAY                                           ,25 ,N,0,0,0,0,2,0,0,0,0,0,0,,,,N,42.3846,-71.0842,1,250173514033003
20058892,2020-12-05 10:53:00,Day Shift (8AM - 4PM),"28 FRANKLIN ST Somerville, MA",DAYLIGHT                                          ,RAIN                                              ,WET                                               ,UNKNOWN                                           ,NO CONTROLS                                       ,NOT AT INTERSECTION                               ,"ONE-WAY, NOT DIVIDED                              ","SIDESWIPE, SAME DIRECTION                         ",COLLISION WITH PARKED MOTOR VEHICLE               ,ROADWAY                                           ,25 ,N,0,0,0,1,4,0,0,1,1,0,0,IN ROADWAY                                        ,STANDING                                          ,APPARENTLY NORMAL                                 ,N,42.3851,-71.0836,1,250173514033003
23068136,2023-11-26 23:40:00,First Half (4PM - Midnight),"59 PEARL ST Somerville, MA",DARK - LIGHTED ROADWAY                            ,RAIN                                              ,WET                                               ,ROAD SURFACE CONDITION                            ,STOP SIGNS                                        ,FOUR WAY INTERSECTION                             ,"ONE-WAY, NOT DIVIDED                              ",HEAD ON                                           ,COLLISION WITH MEDIAN BARRIER                     ,ROADWAY                                           ,20 ,N,0,0,0,0,3,0,0,0,0,0,0,,,,N,42.3846,-71.0835,1,250173514033003
19063511,2019-11-05 17:40:00,First Half (4PM - Midnight),"FRANKLIN ST & PEARL ST Somerville, MA",DARK - LIGHTED ROADWAY                            ,RAIN                                              ,WET                                               ,NONE                                              ,NO CONTROLS                                       ,T-INTERSECTION                                    ,"ONE-WAY, NOT DIVIDED                              ",ANGLE                                             ,COLLISION WITH PEDESTRIAN                         ,ROADWAY                                           ,25 ,N,0,0,0,1,0,0,0,1,1,0,0,MARKED CROSSWALK AT INTERSECTION                  ,ENTERING OR CROSSING SPECIFIED LOCATION           ,APPARENTLY NORMAL                                 ,Y,42.3846,-71.0842,1,250173514033003
19057083,2019-10-04 16:41:00,First Half (4PM - Midnight),"36 FRANKLIN ST Somerville, MA",DAYLIGHT                                          ,CLEAR                                             ,DRY                                               ,NONE                                              ,NO CONTROLS                                       ,NOT AT INTERSECTION                               ,"ONE-WAY, NOT DIVIDED                              ","SIDESWIPE, SAME DIRECTION                         ",COLLISION WITH PARKED MOTOR VEHICLE               ,ROADWAY                                           ,20 ,N,0,0,0,0,2,0,0,0,0,0,0,,,,N,42.3847,-71.0839,1,250173514033003
23055964,2023-09-29 20:07:00,First Half (4PM - Midnight),"PEARL & MYRTLE ST Somerville, MA",DARK - UNKNOWN ROADWAY LIGHTING                   ,RAIN                                              ,WET                                               ,OBSTRUCTION IN ROADWAY                            ,UNKNOWN                                           ,FOUR WAY INTERSECTION                             ,UNKNOWN                                           ,SINGLE VEHICLE CRASH                              ,COLLISION WITH CURB                               ,ROADWAY                                           ,25 ,N,0,0,0,0,1,0,0,0,0,0,0,,,,N,42.3843,-71.0834,1,250173514033004
22063292,2022-11-04 10:59:00,Day Shift (8AM - 4PM),"124 PERKINS ST Somerville, MA",DAYLIGHT                                          ,CLEAR                                             ,DRY                                               ,OTHER                                             ,NO CONTROLS                                       ,NOT AT INTERSECTION                               ,"TWO-WAY, NOT DIVIDED                              ","SIDESWIPE, SAME DIRECTION                         ",COLLISION WITH PARKED MOTOR VEHICLE               ,ROADWAY                                           ,20 ,N,0,0,0,0,4,0,0,0,0,0,0,,,,N,42.3852,-71.0823,1,250173514033004
20031915,2020-06-26 11:10:00,Day Shift (8AM - 4PM),"75 MYRTLE ST Somerville, MA",DAYLIGHT                                          ,CLEAR                                             ,DRY                                               ,TRAFFIC CONGESTION RELATED                        ,NO CONTROLS                                       ,NOT AT INTERSECTION                               ,"TWO-WAY, NOT DIVIDED                              ","SIDESWIPE, SAME DIRECTION                         ",COLLISION WITH PARKED MOTOR VEHICLE               ,ROADWAY                                           ,20 ,N,0,0,0,0,3,0,0,0,0,0,0,,,,N,42.3846,-71.0828,1,250173514033004
22005010,2022-02-01 08:15:00,Day Shift (8AM - 4PM),"27 BONAIR ST Somerville, MA",DAYLIGHT                                          ,CLEAR                                             ,SLUSH                                             ,NONE                                              ,NO CONTROLS                                       ,NOT AT INTERSECTION                               ,"ONE-WAY, NOT DIVIDED                              ","SIDESWIPE, OPPOSITE DIRECTION                     ",COLLISION WITH PARKED MOTOR VEHICLE               ,ROADWAY                                           ,25 ,N,0,0,0,0,3,0,0,0,0,0,0,,,,N,42.3885,-71.0879,1,250173514034000
23005182,2023-01-30 07:33:00,Last Half (Midnight - 8AM),"192 BROADWAY Somerville, MA",DAYLIGHT                                          ,CLEAR                                             ,DRY                                               ,NONE                                              ,NO CONTROLS                                       ,NOT AT INTERSECTION                               ,"TWO-WAY, DIVIDED, UNPROTECTED MEDIAN              ","SIDESWIPE, SAME DIRECTION                         ",COLLISION WITH MOTOR VEHICLE IN TRAFFIC           ,ROADWAY                                           ,25 ,N,0,0,0,0,3,0,0,0,0,0,0,,,,N,42.389,-71.0874,1,250173514034000
19037333,2019-07-02 07:07:00,Last Half (Midnight - 8AM),"25 MACARTHUR ST Somerville, MA",DARK - LIGHTED ROADWAY                            ,CLEAR                                             ,DRY                                               ,NONE                                              ,STOP SIGNS                                        ,T-INTERSECTION                                    ,"TWO-WAY, NOT DIVIDED                              ","SIDESWIPE, SAME DIRECTION                         ",UNKNOWN                                           ,ROADSIDE                                          ,N/A,N,0,0,0,0,1,0,0,0,0,0,0,,,,Y,42.3885,-71.0889,1,250173514034001