Crash Number,Date and Time of Crash,Police Shift,Crash Location,Light Conditions,Weather Conditions,Road Surface,Road Contributing Circumstances,Traffic Control Device Type,Roadway Intersection Type,Trafficway Description,Manner of Collision,First Harmful Event,First Harmful Event Location,Speed Limit,Work Zone,Count Fatal Injury ,Count Suspected Serious Injury,Count Suspected Minor Injury ,Count Possible Injury,Count No Apparent Injury,Count Unknown Injury,Count Not Reported Injury,Total Non-Motorists,Pedestrian Involvement (Non-Motorist),Cyclist Involvement (Non-Motorist),Other Non-Motorist Involvement,Non-Motorist Location ,Non-Motorist Action,Non-Motorist Condition,Hit and Run Flag,Latitude,Longitude,Ward,Block Code 
18060458,2018-10-10 17:20:00,First Half (4PM - Midnight),"CROSS ST & PEARL ST Somerville, MA",DAYLIGHT                                          ,CLEAR                                             ,DRY                                               ,TRAFFIC CONGESTION RELATED                        ,TRAFFIC CONTROL SIGNAL                            ,FOUR WAY INTERSECTION                             ,"TWO-WAY, NOT DIVIDED                              ","SIDESWIPE, SAME DIRECTION                         ",COLLISION WITH MOTOR VEHICLE IN TRAFFIC           ,ROADWAY                                           ,20 ,N,0,0,0,0,3,0,0,0,0,0,0,,,,N,42.3857,-71.0878,1,250173514042000
22034286,2022-06-18 15:22:00,Day Shift (8AM - 4PM),"PEARL ST & CROSS ST Somerville, MA",DAYLIGHT                                          ,CLEAR                                             ,DRY                                               ,NONE                                              ,TRAFFIC CONTROL SIGNAL                            ,FOUR WAY INTERSECTION                             ,"TWO-WAY, NOT DIVIDED                              ",ANGLE                                             ,COLLISION WITH MOTOR VEHICLE IN TRAFFIC           ,ROADWAY                                           ,20 ,N,0,0,0,1,2,0,0,0,0,0,0,,,,Y,42.3857,-71.0878,1,250173514042000
21040410,2021-08-04 22:47:00,First Half (4PM - Midnight),"39 GILMAN ST Somerville, MA",DARK - LIGHTED ROADWAY                            ,RAIN                                              ,WET                                               ,UNKNOWN                                           ,NO CONTROLS                                       ,NOT AT INTERSECTION                               ,"ONE-WAY, NOT DIVIDED                              ","SIDESWIPE, SAME DIRECTION                         ",COLLISION WITH PARKED MOTOR VEHICLE               ,UNKNOWN                                           ,25 ,N,0,0,0,0,3,0,0,0,0,0,0,,,,N,42.3852,-71.0906,1,250173514042000
18030153,2018-05-21 16:44:00,First Half (4PM - Midnight),"75 CROSS ST Somerville, MA",DAYLIGHT                                          ,CLEAR                                             ,DRY                                               ,NONE                                              ,NO CONTROLS                                       ,NOT AT INTERSECTION                               ,"TWO-WAY, NOT DIVIDED                              ","SIDESWIPE, SAME DIRECTION                         ",COLLISION WITH PARKED MOTOR VEHICLE               ,ROADSIDE                                          ,30 ,N,0,0,0,0,1,0,0,0,0,0,0,,,,Y,42.3856,-71.0882,1,250173514042000
20023768,2020-05-08 01:03:00,Last Half (Midnight - 8AM),"89 CROSS ST Somerville, MA",DARK - LIGHTED ROADWAY                            ,CLEAR                                             ,DRY                                               ,NONE                                              ,NO CONTROLS                                       ,NOT AT INTERSECTION                               ,"TWO-WAY, NOT DIVIDED                              ","SIDESWIPE, OPPOSITE DIRECTION                     ",COLLISION WITH PARKED MOTOR VEHICLE               ,ROADWAY                                           ,25 ,N,0,0,0,0,2,0,0,0,0,0,0,,,,N,42.3851,-71.0886,1,250173514042000
18067867,2018-11-15 17:49:00,First Half (4PM - Midnight),"CROSS ST & PEARL ST Somerville, MA",DARK - LIGHTED ROADWAY                            ,CLEAR                                             ,DRY                                               ,NONE                                              ,TRAFFIC CONTROL SIGNAL                            ,FOUR WAY INTERSECTION                             ,"TWO-WAY, NOT DIVIDED                              ",HEAD ON                                           ,COLLISION WITH OTHER MOVABLE OBJECT               ,UNKNOWN                                           ,25 ,N,0,0,0,0,3,0,0,0,0,0,0,,,,N,42.3857,-71.0878,1,250173514042000
22040678,2022-07-22 09:47:00,Day Shift (8AM - 4PM),"CROSS ST & PEARL ST Somerville, MA",DAYLIGHT                                          ,CLEAR                                             ,DRY                                               ,NONE                                              ,TRAFFIC CONTROL SIGNAL                            ,FOUR WAY INTERSECTION                             ,"TWO-WAY, NOT DIVIDED                              ","SIDESWIPE, SAME DIRECTION                         ",COLLISION WITH PARKED MOTOR VEHICLE               ,ROADWAY                                           ,20 ,N,0,0,0,0,3,0,0,0,0,0,0,,,,N,42.3857,-71.0878,1,250173514042000
19027825,2019-05-20 19:35:00,First Half (4PM - Midnight),"CROSS ST & PEARL ST Somerville, MA",DAYLIGHT                                          ,CLOUDY                                            ,DRY                                               ,NONE                                              ,TRAFFIC CONTROL SIGNAL                            ,FOUR WAY INTERSECTION                             ,"TWO-WAY, NOT DIVIDED                              ","SIDESWIPE, SAME DIRECTION                         ",COLLISION WITH MOTOR VEHICLE IN TRAFFIC           ,ROADWAY                                           ,20 ,N,0,0,0,0,3,0,0,0,0,0,0,,,,N,42.3857,-71.0878,1,250173514042000
23012621,2023-03-11 04:04:00,Last Half (Midnight - 8AM),"103 CROSS ST Somerville, MA",DARK - LIGHTED ROADWAY                            ,CLEAR                                             ,DRY                                               ,NONE                                              ,NO CONTROLS                                       ,NOT AT INTERSECTION                               ,"TWO-WAY, NOT DIVIDED                              ","SIDESWIPE, OPPOSITE DIRECTION                     ",COLLISION WITH PARKED MOTOR VEHICLE               ,ROADWAY                                           ,25 ,N,0,0,1,0,3,0,0,0,0,0,0,,,,N,42.3847,-71.0889,1,250173514042000
23065298,2023-11-10 16:31:00,First Half (4PM - Midnight),"CROSS ST & PEARL ST Somerville, MA",DUSK                                              ,CLEAR                                             ,DRY                                               ,NONE                                              ,NO CONTROLS                                       ,T-INTERSECTION                                    ,"TWO-WAY, NOT DIVIDED                              ","SIDESWIPE, SAME DIRECTION                         ",COLLISION WITH PEDALCYCLE                         ,ROADWAY                                           ,20 ,N,0,0,1,0,2,0,0,1,0,1,0,IN ROADWAY                                        ,ENTERING OR CROSSING SPECIFIED LOCATION           ,APPARENTLY NORMAL                                 ,N,42.3857,-71.0878,1,250173514042000
21047980,2021-09-13 14:01:00,Day Shift (8AM - 4PM),"11 GILMAN ST Somerville, MA",DAYLIGHT                                          ,CLEAR                                             ,DRY                                               ,NONE                                              ,NO CONTROLS                                       ,NOT AT INTERSECTION                               ,"ONE-WAY, NOT DIVIDED                              ",SINGLE VEHICLE CRASH                              ,COLLISION WITH BRIDGE OVERHEAD STRUCTURE          ,ROADWAY                                           ,20 ,N,0,0,0,0,3,0,0,0,0,0,0,,,,N,42.3845,-71.0894,1,250173514042000
18046431,2018-08-05 00:31:00,Last Half (Midnight - 8AM),"10 FLINT AV Somerville, MA",DARK - LIGHTED ROADWAY                            ,CLEAR                                             ,DRY                                               ,NONE                                              ,NO CONTROLS                                       ,NOT AT INTERSECTION                               ,"TWO-WAY, NOT DIVIDED                              ",ANGLE                                             ,COLLISION WITH PARKED MOTOR VEHICLE               ,ROADWAY                                           ,25 ,N,0,0,0,0,1,0,0,0,0,0,0,,,,Y,42.3855,-71.0893,1,250173514042000
19042551,2019-07-26 21:44:00,First Half (4PM - Midnight),"CROSS ST & PEARL ST Somerville, MA",DARK - LIGHTED ROADWAY                            ,CLEAR                                             ,DRY                                               ,NONE                                              ,TRAFFIC CONTROL SIGNAL                            ,FOUR WAY INTERSECTION                             ,"TWO-WAY, NOT DIVIDED                              ",REAR-END                                          ,COLLISION WITH MOTOR VEHICLE IN TRAFFIC           ,ROADWAY                                           ,20 ,N,0,0,0,0,2,0,0,0,0,0,0,,,,N,42.3857,-71.0878,1,250173514042000
23011670,2023-03-05 20:25:00,First Half (4PM - Midnight),"198 PEARL STREET Somerville, MA",DARK - LIGHTED ROADWAY                            ,CLEAR                                             ,DRY                                               ,NONE                                              ,NO CONTROLS                                       ,NOT AT INTERSECTION                               ,"TWO-WAY, DIVIDED, UNPROTECTED MEDIAN              ","SIDESWIPE, SAME DIRECTION                         ",COLLISION WITH PARKED MOTOR VEHICLE               ,ROADWAY                                           ,25 ,N,0,0,1,0,2,0,0,1,0,0,1,NOT IN ROADWAY                                    ,OTHER                                             ,APPARENTLY NORMAL                                 ,Y,42.3869,-71.0921,1,250173514042003
19034317,2019-06-18 16:00:00,First Half (4PM - Midnight),"DANA ST & PEARL ST Somerville, MA",DAYLIGHT                                          ,RAIN                                              ,WET                                               ,NONE                                              ,NO CONTROLS                                       ,T-INTERSECTION                                    ,"TWO-WAY, NOT DIVIDED                              ",ANGLE                                             ,COLLISION WITH MOTOR VEHICLE IN TRAFFIC           ,ROADWAY                                           ,25 ,N,0,0,0,0,2,0,0,0,0,0,0,,,,N,42.3866,-71.0908,1,250173514042003
20036512,2020-07-26 16:37:00,First Half (4PM - Midnight),"184 PEARL ST Somerville, MA",DAYLIGHT                                          ,CLEAR                                             ,DRY                                               ,OBSTRUCTION IN ROADWAY                            ,NO CONTROLS                                       ,NOT AT INTERSECTION                               ,"TWO-WAY, NOT DIVIDED                              ",ANGLE                                             ,COLLISION WITH MOTOR VEHICLE IN TRAFFIC           ,ROADWAY                                           ,25 ,N,0,0,0,0,3,0,0,0,0,0,0,,,,N,42.3866,-71.0913,1,250173514042003
20015698,2020-03-21 09:56:00,Day Shift (8AM - 4PM),"180 PEARL ST Somerville, MA",DAYLIGHT                                          ,CLEAR                                             ,DRY                                               ,NONE                                              ,NO CONTROLS                                       ,DRIVEWAY                                          ,UNKNOWN                                           ,SINGLE VEHICLE CRASH                              ,COLLISION WITH UNKNOWN FIXED OBJECT               ,OUTSIDE ROADWAY                                   ,25 ,N,0,0,0,0,3,0,0,2,0,0,2,UNKNOWN                                           ,OTHER                                             ,APPARENTLY NORMAL                                 ,N,42.3865,-71.0911,1,250173514042003
23032398,2023-06-11 04:14:00,Last Half (Midnight - 8AM),"109 WALNUT ST Somerville, MA",DARK - LIGHTED ROADWAY                            ,CLEAR                                             ,DRY                                               ,NONE                                              ,NO CONTROLS                                       ,NOT AT INTERSECTION                               ,"ONE-WAY, NOT DIVIDED                              ","SIDESWIPE, SAME DIRECTION                         ",COLLISION WITH PARKED MOTOR VEHICLE               ,ROADWAY                                           ,25 ,Y,0,0,0,0,5,0,0,0,0,0,0,,,,Y,42.387,-71.0931,4,250173514042004
22060382,2022-10-21 13:48:00,Day Shift (8AM - 4PM),"110 WALNUT ST Somerville, MA",DAYLIGHT                                          ,CLOUDY                                            ,DRY                                               ,NONE                                              ,TRAFFIC CONTROL SIGNAL                            ,NOT AT INTERSECTION                               ,"ONE-WAY, NOT DIVIDED                              ","SIDESWIPE, SAME DIRECTION                         ",COLLISION WITH PARKED MOTOR VEHICLE               ,ROADWAY                                           ,20 ,N,0,0,0,0,2,0,0,0,0,0,0,,,,N,42.3873,-71.0934,4,250173514042005
19024183,2019-05-02 17:56:00,First Half (4PM - Midnight),"240 PEARL ST Somerville, MA",DAYLIGHT                                          ,CLOUDY                                            ,DRY                                               ,UNKNOWN                                           ,NO CONTROLS                                       ,T-INTERSECTION                                    ,"TWO-WAY, NOT DIVIDED                              ",ANGLE                                             ,COLLISION WITH MOTOR VEHICLE IN TRAFFIC           ,ROADWAY                                           ,25 ,N,0,0,0,0,3,0,0,0,0,0,0,,,,N,42.3878,-71.0952,4,250173514042005
19070160,2019-12-11 05:03:00,Last Half (Midnight - 8AM),"46 ALDRICH ST Somerville, MA",DARK - LIGHTED ROADWAY                            ,SNOW                                              ,SNOW                                              ,NONE                                              ,NO CONTROLS                                       ,NOT AT INTERSECTION                               ,"TWO-WAY, NOT DIVIDED                              ",REAR TO REAR                                      ,COLLISION WITH PARKED MOTOR VEHICLE               ,ROADWAY                                           ,15 ,N,0,0,0,0,3,0,0,0,0,0,0,,,,N,42.385,-71.0915,4,250173514042007
19040067,2019-07-15 09:37:00,Day Shift (8AM - 4PM),"68 GILMAN ST Somerville, MA",DAYLIGHT                                          ,CLEAR                                             ,DRY                                               ,NONE                                              ,NO CONTROLS                                       ,NOT AT INTERSECTION                               ,"ONE-WAY, NOT DIVIDED                              ",ANGLE                                             ,COLLISION WITH MOTOR VEHICLE IN TRAFFIC           ,ROADWAY                                           ,20 ,N,0,0,0,1,1,0,0,0,0,0,0,,,,N,42.3855,-71.0918,4,250173514042007
22020277,2022-04-15 11:02:00,Day Shift (8AM - 4PM),"59 GILMAN STREET Somerville, MA",DAYLIGHT                                          ,CLEAR                                             ,DRY                                               ,NONE                                              ,WARNING SIGNS                                     ,NOT AT INTERSECTION                               ,"ONE-WAY, NOT DIVIDED                              ",SINGLE VEHICLE CRASH                              ,COLLISION WITH BRIDGE OVERHEAD STRUCTURE          ,ROADWAY                                           ,25 ,N,0,0,2,0,1,0,0,0,0,0,0,,,,N,42.3855,-71.0913,1,250173514042009
18059679,2018-10-06 23:56:00,First Half (4PM - Midnight),"AUBURN AV & NA Somerville, MA",DARK - LIGHTED ROADWAY                            ,CLEAR                                             ,DRY                                               ,NONE                                              ,TRAFFIC CONTROL SIGNAL                            ,T-INTERSECTION                                    ,"TWO-WAY, NOT DIVIDED                              ",REAR-END                                          ,COLLISION WITH MOTOR VEHICLE IN TRAFFIC           ,ROADWAY                                           ,30 ,N,0,0,0,0,3,0,0,0,0,0,0,,,,Y,42.3841,-71.0902,1,250173514042010
22019674,2022-04-12 21:57:00,First Half (4PM - Midnight),"CROSS ST & GILMAN ST Somerville, MA",DARK - LIGHTED ROADWAY                            ,CLEAR                                             ,DRY                                               ,NONE                                              ,STOP SIGNS                                        ,T-INTERSECTION                                    ,"TWO-WAY, DIVIDED, UNPROTECTED MEDIAN              ",ANGLE                                             ,COLLISION WITH MOTOR VEHICLE IN TRAFFIC           ,UNKNOWN                                           ,25 ,N,0,0,0,0,4,1,0,0,0,0,0,,,,N,42.3842,-71.0891,1,250173514042010
19012372,2019-03-06 16:42:00,First Half (4PM - Midnight),"117 CROSS ST Somerville, MA",DAYLIGHT                                          ,CLEAR                                             ,WET                                               ,NONE                                              ,NO CONTROLS                                       ,NOT AT INTERSECTION                               ,"TWO-WAY, NOT DIVIDED                              ",REAR-END                                          ,COLLISION WITH PARKED MOTOR VEHICLE               ,ROADWAY                                           ,20 ,N,0,0,0,0,3,0,0,0,0,0,0,,,,N,42.3839,-71.0896,1,250173514042010
19068303,2019-12-02 00:09:00,Last Half (Midnight - 8AM),"CROSS ST & GILMAN ST Somerville, MA",DARK - LIGHTED ROADWAY                            ,SNOW                                              ,WET                                               ,NONE                                              ,NO CONTROLS                                       ,FOUR WAY INTERSECTION                             ,"TWO-WAY, DIVIDED, UNPROTECTED MEDIAN              ",SINGLE VEHICLE CRASH                              ,COLLISION WITH PEDESTRIAN                         ,ROADWAY                                           ,25 ,N,0,0,0,1,1,0,0,1,1,0,0,IN ROADWAY                                        ,"WALKING, RUNNING OR CYCLING                       ",UNDER THE INFLUENCE OF MEDICATIONS/DRUGS/ALCOHOL  ,N,42.3842,-71.0891,1,250173514042010
18028950,2018-05-16 14:16:00,Day Shift (8AM - 4PM),"CROSS ST & OLIVER ST Somerville, MA",DAYLIGHT                                          ,CLEAR                                             ,DRY                                               ,NONE                                              ,STOP SIGNS                                        ,T-INTERSECTION                                    ,"TWO-WAY, NOT DIVIDED                              ",HEAD ON                                           ,COLLISION WITH MOPED                              ,ROADWAY                                           ,25 ,N,0,0,1,0,1,0,0,0,0,0,0,,,,N,42.3842,-71.0891,1,250173514042010
19061438,2019-10-26 03:14:00,Last Half (Midnight - 8AM),"109 CROSS ST Somerville, MA",DARK - LIGHTED ROADWAY                            ,CLEAR                                             ,DRY                                               ,NONE                                              ,NO CONTROLS                                       ,T-INTERSECTION                                    ,"TWO-WAY, NOT DIVIDED                              ",ANGLE                                             ,COLLISION WITH MOTOR VEHICLE IN TRAFFIC           ,ROADWAY                                           ,25 ,N,0,0,0,0,2,0,0,0,0,0,0,,,,N,42.3844,-71.0894,1,250173514042010
20036689,2020-07-27 19:18:00,First Half (4PM - Midnight),"27 FLINT ST Somerville, MA",DAYLIGHT                                          ,CLEAR                                             ,DRY                                               ,NONE                                              ,NO CONTROLS                                       ,NOT AT INTERSECTION                               ,"TWO-WAY, NOT DIVIDED                              ",REAR-END                                          ,COLLISION WITH MOTOR VEHICLE IN TRAFFIC           ,ROADWAY                                           ,25 ,N,0,0,0,0,3,0,0,0,0,0,0,,,,N,42.3843,-71.0863,1,250173514043000
19058464,2019-10-11 14:38:00,Day Shift (8AM - 4PM),"FLINT ST & GLEN ST Somerville, MA",DAYLIGHT                                          ,RAIN                                              ,WET                                               ,NONE                                              ,STOP SIGNS                                        ,FOUR WAY INTERSECTION                             ,"TWO-WAY, NOT DIVIDED                              ",SINGLE VEHICLE CRASH                              ,COLLISION WITH MOTOR VEHICLE IN TRAFFIC           ,ROADWAY                                           ,25 ,N,0,0,0,0,3,0,0,0,0,0,0,,,,N,42.3842,-71.0866,1,250173514043001
19054938,2019-09-24 07:19:00,Last Half (Midnight - 8AM),"FLINT ST & GLEN ST Somerville, MA",DAYLIGHT                                          ,CLEAR                                             ,DRY                                               ,NONE                                              ,STOP SIGNS                                        ,FOUR WAY INTERSECTION                             ,"ONE-WAY, NOT DIVIDED                              ",SINGLE VEHICLE CRASH                              ,COLLISION WITH PEDESTRIAN                         ,ROADWAY                                           ,25 ,N,0,0,0,0,1,1,0,1,1,0,0,MARKED CROSSWALK AT INTERSECTION                  ,"WALKING, RUNNING OR CYCLING                       ",APPARENTLY NORMAL                                 ,N,42.3842,-71.0866,1,250173514043001
19021133,2019-04-18 03:19:00,Last Half (Midnight - 8AM),"FLINT ST & CROSS ST Somerville, MA",DARK - LIGHTED ROADWAY                            ,CLEAR                                             ,DRY                                               ,UNKNOWN                                           ,NO CONTROLS                                       ,FOUR WAY INTERSECTION                             ,UNKNOWN                                           ,HEAD ON                                           ,COLLISION WITH PARKED MOTOR VEHICLE               ,ROADWAY                                           ,35 ,N,0,0,0,0,4,0,0,0,0,0,0,,,,N,42.3848,-71.0885,1,250173514043002
20013611,2020-03-09 15:02:00,Day Shift (8AM - 4PM),"CROSS ST & RANDOLPH PL Somerville, MA",DAYLIGHT                                          ,CLEAR                                             ,DRY                                               ,NONE                                              ,NO CONTROLS                                       ,T-INTERSECTION                                    ,"TWO-WAY, NOT DIVIDED                              ",ANGLE                                             ,COLLISION WITH MOTOR VEHICLE IN TRAFFIC           ,ROADWAY                                           ,30 ,N,0,0,0,0,3,0,0,0,0,0,0,,,,N,42.3854,-71.088,1,250173514043002
19001190,2019-01-07 17:24:00,First Half (4PM - Midnight),"CROSS ST & FLINT ST Somerville, MA",DARK - LIGHTED ROADWAY                            ,CLEAR                                             ,DRY                                               ,NONE                                              ,STOP SIGNS                                        ,T-INTERSECTION                                    ,"TWO-WAY, NOT DIVIDED                              ",ANGLE                                             ,COLLISION WITH MOTOR VEHICLE IN TRAFFIC           ,ROADWAY                                           ,25 ,N,0,0,0,0,2,0,0,0,0,0,0,,,,N,42.3848,-71.0885,1,250173514043002
20061719,2020-12-22 11:56:00,Day Shift (8AM - 4PM),"76 CROSS STREET Somerville, MA",DAYLIGHT                                          ,CLEAR                                             ,WET                                               ,NONE                                              ,TRAFFIC CONTROL SIGNAL                            ,NOT AT INTERSECTION                               ,"TWO-WAY, NOT DIVIDED                              ","SIDESWIPE, SAME DIRECTION                         ",COLLISION WITH PARKED MOTOR VEHICLE               ,ROADSIDE                                          ,25 ,N,0,0,1,0,2,0,0,0,0,0,0,,,,N,42.3854,-71.0878,1,250173514043002
22038884,2022-07-12 19:47:00,First Half (4PM - Midnight),"FRANKLIN ST & WASHINGTON ST Somerville, MA",DAYLIGHT                                          ,CLEAR                                             ,DRY                                               ,NONE                                              ,NO CONTROLS                                       ,T-INTERSECTION                                    ,"TWO-WAY, DIVIDED, UNPROTECTED MEDIAN              ",SINGLE VEHICLE CRASH                              ,COLLISION WITH UTILITY POLE                       ,ROADWAY                                           ,20 ,N,0,0,0,2,0,0,0,0,0,0,0,,,,N,42.3813,-71.0864,1,250173514043005
24000475,2024-01-03 20:54:00,First Half (4PM - Midnight),"117 WASHINGTON ST Somerville, MA",DARK - LIGHTED ROADWAY                            ,CLEAR                                             ,DRY                                               ,NONE                                              ,NO CONTROLS                                       ,NOT AT INTERSECTION                               ,"TWO-WAY, NOT DIVIDED                              ",REAR-END                                          ,COLLISION WITH MOTOR VEHICLE IN TRAFFIC           ,ROADWAY                                           ,30 ,N,0,0,0,0,2,0,0,0,0,0,0,,,,N,42.3813,-71.0871,1,250173514043005
19037146,2019-07-01 10:42:00,Day Shift (8AM - 4PM),"150 GLEN ST Somerville, MA",DAYLIGHT                                          ,CLEAR                                             ,DRY                                               ,NONE                                              ,NO CONTROLS                                       ,DRIVEWAY                                          ,"TWO-WAY, NOT DIVIDED                              ",REAR TO REAR                                      ,COLLISION WITH PARKED MOTOR VEHICLE               ,OUTSIDE ROADWAY                                   ,N/A,N,0,0,0,0,3,0,0,0,0,0,0,,,,N,42.3825,-71.0867,1,250173514043005
23032473,2023-06-11 12:50:00,Day Shift (8AM - 4PM),"9 TUFTS ST Somerville, MA",DAYLIGHT                                          ,CLEAR                                             ,DRY                                               ,NONE                                              ,NO CONTROLS                                       ,NOT AT INTERSECTION                               ,"TWO-WAY, NOT DIVIDED                              ","SIDESWIPE, SAME DIRECTION                         ",COLLISION WITH PARKED MOTOR VEHICLE               ,ROADSIDE                                          ,20 ,N,0,0,0,0,3,0,0,0,0,0,0,,,,N,42.3815,-71.0877,1,250173514043006
19068440,2019-12-02 18:25:00,First Half (4PM - Midnight),"CROSS ST & FOUNTAIN AV Somerville, MA",DARK - LIGHTED ROADWAY                            ,SNOW                                              ,SNOW                                              ,ROAD SURFACE CONDITION                            ,NO CONTROLS                                       ,FOUR WAY INTERSECTION                             ,"TWO-WAY, NOT DIVIDED                              ",SINGLE VEHICLE CRASH                              ,OTHER                                             ,OUTSIDE ROADWAY                                   ,20 ,N,0,0,0,0,1,0,0,0,0,0,0,,,,N,42.3837,-71.0895,1,250173514044000
20001667,2020-01-11 02:37:00,Last Half (Midnight - 8AM),"38 OLIVER ST Somerville, MA",DARK - LIGHTED ROADWAY                            ,CLEAR                                             ,DRY                                               ,NONE                                              ,NO CONTROLS                                       ,NOT AT INTERSECTION                               ,"TWO-WAY, NOT DIVIDED                              ",SINGLE VEHICLE CRASH                              ,COLLISION WITH LIGHT POLE OR OTHER POST/SUPPORT   ,OUTSIDE ROADWAY                                   ,20 ,N,0,0,0,0,1,0,0,0,0,0,0,,,,N,42.3836,-71.0873,1,250173514044000
20036006,2020-07-23 08:23:00,Day Shift (8AM - 4PM),"59 TUFTS ST Somerville, MA",DAYLIGHT                                          ,CLOUDY                                            ,DRY                                               ,NONE                                              ,NO CONTROLS                                       ,NOT AT INTERSECTION                               ,"TWO-WAY, NOT DIVIDED                              ",ANGLE                                             ,COLLISION WITH MOTOR VEHICLE IN TRAFFIC           ,ROADWAY                                           ,20 ,N,0,0,0,0,4,0,0,0,0,0,0,,,,N,42.3832,-71.0893,1,250173514044001
22027676,2022-05-18 18:45:00,First Half (4PM - Midnight),"33 FOUNTAIN AV Somerville, MA",DAYLIGHT                                          ,CLEAR                                             ,DRY                                               ,NONE                                              ,NO CONTROLS                                       ,T-INTERSECTION                                    ,"ONE-WAY, NOT DIVIDED                              ","SIDESWIPE, OPPOSITE DIRECTION                     ",COLLISION WITH PARKED MOTOR VEHICLE               ,OUTSIDE ROADWAY                                   ,25 ,N,0,1,0,0,2,0,0,0,0,0,0,,,,N,42.3831,-71.0877,1,250173514044001
20050382,2020-10-17 22:47:00,First Half (4PM - Midnight),"129 CROSS ST Somerville, MA",DARK - LIGHTED ROADWAY                            ,CLEAR                                             ,DRY                                               ,NONE                                              ,NO CONTROLS                                       ,NOT AT INTERSECTION                               ,"TWO-WAY, NOT DIVIDED                              ","SIDESWIPE, SAME DIRECTION                         ",COLLISION WITH PARKED MOTOR VEHICLE               ,ROADSIDE                                          ,25 ,N,0,0,1,0,1,0,0,0,0,0,0,,,,N,42.3836,-71.0898,1,250173514044002
19061336,2019-10-25 16:07:00,First Half (4PM - Midnight),"CROSS ST & TUFTS ST Somerville, MA",DAYLIGHT                                          ,CLEAR                                             ,DRY                                               ,NONE                                              ,STOP SIGNS                                        ,T-INTERSECTION                                    ,"TWO-WAY, NOT DIVIDED                              ",ANGLE                                             ,COLLISION WITH MOTOR VEHICLE IN TRAFFIC           ,ROADWAY                                           ,20 ,N,0,0,0,0,3,0,0,0,0,0,0,,,,N,42.3833,-71.0898,1,250173514044003
22069897,2022-12-11 19:02:00,First Half (4PM - Midnight),"CROSS ST & TUFTS ST Somerville, MA",DARK - LIGHTED ROADWAY                            ,SNOW                                              ,ICE                                               ,ROAD SURFACE CONDITION                            ,NO CONTROLS                                       ,T-INTERSECTION                                    ,"TWO-WAY, NOT DIVIDED                              ",ANGLE                                             ,COLLISION WITH PARKED MOTOR VEHICLE               ,ROADWAY                                           ,25 ,N,0,0,0,0,7,0,0,0,0,0,0,,,,N,42.3833,-71.0898,1,250173514044003
19027791,2019-05-20 17:10:00,First Half (4PM - Midnight),"CROSS ST & TUFTS ST Somerville, MA",DAYLIGHT                                          ,CLEAR                                             ,DRY                                               ,NONE                                              ,NO CONTROLS                                       ,T-INTERSECTION                                    ,"TWO-WAY, NOT DIVIDED                              ",SINGLE VEHICLE CRASH                              ,COLLISION WITH PEDESTRIAN                         ,ROADWAY                                           ,20 ,N,0,0,0,0,0,2,0,1,1,0,0,AT INTERSECTION BUT NO CROSSWALK                  ,WORKING                                           ,APPARENTLY NORMAL                                 ,N,42.3833,-71.0898,1,250173514044003
21045127,2021-08-29 23:58:00,First Half (4PM - Midnight),"CROSS ST & TUFTS ST Somerville, MA",DARK - LIGHTED ROADWAY                            ,CLEAR                                             ,DRY                                               ,UNKNOWN                                           ,STOP SIGNS                                        ,T-INTERSECTION                                    ,UNKNOWN                                           ,SINGLE VEHICLE CRASH                              ,COLLISION WITH CURB                               ,ROADWAY                                           ,25 ,N,0,0,0,0,0,1,0,0,0,0,0,,,,N,42.3833,-71.0898,1,250173514044003
21008841,2021-02-19 16:14:00,First Half (4PM - Midnight),"CROSS ST & TUFTS ST Somerville, MA",DAYLIGHT                                          ,SNOW                                              ,SNOW                                              ,ROAD SURFACE CONDITION                            ,NO CONTROLS                                       ,T-INTERSECTION                                    ,"TWO-WAY, NOT DIVIDED                              ",SINGLE VEHICLE CRASH                              ,COLLISION WITH LIGHT POLE OR OTHER POST/SUPPORT   ,ROADSIDE                                          ,25 ,N,0,0,0,0,2,0,0,0,0,0,0,,,,N,42.3833,-71.0898,1,250173514044003
22069885,2022-12-11 18:09:00,First Half (4PM - Midnight),"CROSS ST & TUFTS ST Somerville, MA",DARK - LIGHTED ROADWAY                            ,SNOW                                              ,ICE                                               ,ROAD SURFACE CONDITION                            ,NO CONTROLS                                       ,T-INTERSECTION                                    ,"TWO-WAY, NOT DIVIDED                              ",ANGLE                                             ,COLLISION WITH MOTOR VEHICLE IN TRAFFIC           ,ROADWAY                                           ,25 ,N,0,0,0,1,6,0,0,1,1,0,0,SIDEWALK                                          ,STANDING                                          ,APPARENTLY NORMAL                                 ,N,42.3833,-71.0898,1,250173514044003